Date,PRECTOT,T2M,RH2M,WS2M,Location,District,Latitude,Longitude,Cloudburst,Year,Month,MonthName,Season,Rainfall_Intensity,Humidity_Rainfall,Heat_Index,T2M_lag1,RH2M_lag1,WS2M_lag1,PRECTOT_lag1,PRECTOT_3d_mean,RH2M_3d_mean,T2M_3d_mean,Temperature_Change,Humidity_Change,Month_sin,Month_cos,Cloudburst_Next,Predicted_Probability,Predicted_Cloudburst,Risk_Level
1992-09-01,1.67,24.37,86.89,1.77,Almora (Almora),Almora,29.6,79.66,0,1992,9,Sep,Monsoon,,,28.5375,23.63,86.37,1.79,106.45,54.06,86.63,24.0,0.740000000000002,0.519999999999996,-1.0,-1.8369701987210297e-16,0,0.11833333333333333,0,Low
1995-09-13,2.46,22.05,86.88,1.88,Almora (Almora),Almora,29.6,79.66,0,1995,9,Sep,Monsoon,,,26.206000000000003,24.37,86.89,1.77,1.67,36.86,86.71333333333332,23.349999999999998,-2.3200000000000003,-0.010000000000005116,-1.0,-1.8369701987210297e-16,0,0.5033333333333333,1,Medium
1999-01-14,0.0,10.51,42.39,2.19,Almora (Almora),Almora,29.6,79.66,0,1999,1,Jan,Winter,,,12.4105,22.05,86.88,1.88,2.46,1.3766666666666667,72.05333333333333,18.97666666666667,-11.540000000000001,-44.489999999999995,0.49999999999999994,0.8660254037844387,1,0.715,1,High
2002-08-11,125.11,23.36,94.0,2.71,Almora (Almora),Almora,29.6,79.66,1,2002,8,Aug,Monsoon,,,27.788999999999998,10.51,42.39,2.19,0.0,42.52333333333333,74.42333333333333,18.64,12.85,51.61,-0.8660254037844385,-0.5000000000000004,0,0.21333333333333335,0,Low
2004-01-27,0.0,8.58,53.59,2.39,Almora (Almora),Almora,29.6,79.66,0,2004,1,Jan,Winter,,,11.0205,23.36,94.0,2.71,125.11,41.70333333333333,63.32666666666666,14.15,-14.78,-40.41,0.49999999999999994,0.8660254037844387,0,0.07,0,Low
2004-03-16,0.0,22.37,30.4,3.57,Almora (Almora),Almora,29.6,79.66,0,2004,3,Mar,Spring,,,23.533,8.58,53.59,2.39,0.0,41.70333333333333,59.330000000000005,18.103333333333335,13.790000000000001,-23.190000000000005,1.0,6.123233995736766e-17,1,0.745,1,High
2004-06-18,105.57,23.43,85.09,1.71,Almora (Almora),Almora,29.6,79.66,1,2004,6,Jun,Monsoon,,,27.5135,22.37,30.4,3.57,0.0,35.19,56.36000000000001,18.12666666666667,1.0599999999999987,54.690000000000005,1.2246467991473532e-16,-1.0,1,0.7533333333333333,1,High
2008-09-20,116.33,20.84,96.15,4.12,Almora (Almora),Almora,29.6,79.66,1,2008,9,Sep,Monsoon,,,25.235500000000002,23.43,85.09,1.71,105.57,73.96666666666665,70.54666666666667,22.213333333333335,-2.59,11.060000000000002,-1.0,-1.8369701987210297e-16,0,0.08,0,Low
2010-01-19,0.0,11.43,32.12,2.68,Almora (Almora),Almora,29.6,79.66,0,2010,1,Jan,Winter,,,12.767999999999999,20.84,96.15,4.12,116.33,73.96666666666665,71.12,18.566666666666666,-9.41,-64.03,0.49999999999999994,0.8660254037844387,0,0.06833333333333333,0,Low
2010-02-12,2.49,11.95,57.82,2.15,Almora (Almora),Almora,29.6,79.66,0,2010,2,Feb,Winter,,,14.626,11.43,32.12,2.68,0.0,39.60666666666666,62.03,14.74,0.5199999999999996,25.700000000000003,0.8660254037844386,0.5000000000000001,1,0.7916666666666666,1,High
2010-07-30,127.5,22.67,93.77,3.57,Almora (Almora),Almora,29.6,79.66,1,2010,7,Jul,Monsoon,,,27.001500000000004,11.95,57.82,2.15,2.49,43.330000000000005,61.23666666666666,15.35,10.720000000000002,35.949999999999996,-0.4999999999999997,-0.8660254037844388,1,0.8133333333333334,1,High
2010-09-18,53.49,20.81,89.7,2.17,Almora (Almora),Almora,29.6,79.66,1,2010,9,Sep,Monsoon,,,25.078,22.67,93.77,3.57,127.5,61.16,80.42999999999999,18.476666666666667,-1.860000000000003,-4.069999999999993,-1.0,-1.8369701987210297e-16,1,0.7216666666666667,1,High
2010-09-19,68.23,20.67,88.74,1.87,Almora (Almora),Almora,29.6,79.66,1,2010,9,Sep,Monsoon,,,24.92,20.81,89.7,2.17,53.49,83.07333333333334,90.73666666666666,21.383333333333336,-0.13999999999999702,-0.960000000000008,-1.0,-1.8369701987210297e-16,1,0.77,1,High
2010-09-20,8.65,21.98,83.9,2.09,Almora (Almora),Almora,29.6,79.66,1,2010,9,Sep,Monsoon,,,25.966,20.67,88.74,1.87,68.23,43.45666666666667,87.44666666666667,21.153333333333336,1.3099999999999987,-4.839999999999989,-1.0,-1.8369701987210297e-16,1,0.2615,0,Low
2011-06-30,106.83,23.9,83.24,1.83,Almora (Almora),Almora,29.6,79.66,1,2011,6,Jun,Monsoon,,,27.878999999999998,21.98,83.9,2.09,8.65,61.23666666666667,85.29333333333334,22.183333333333334,1.9199999999999982,-0.6600000000000108,1.2246467991473532e-16,-1.0,0,0.06642857142857143,0,Low
2012-09-13,18.28,22.71,95.49,3.53,Almora (Almora),Almora,29.6,79.66,0,2012,9,Sep,Monsoon,,,27.1315,23.9,83.24,1.83,106.83,44.58666666666667,87.54333333333334,22.863333333333333,-1.1899999999999977,12.25,-1.0,-1.8369701987210297e-16,0,0.13166666666666665,0,Low
2013-01-26,0.0,10.97,48.31,2.42,Almora (Almora),Almora,29.6,79.66,0,2013,1,Jan,Winter,,,13.1435,22.71,95.49,3.53,18.28,41.70333333333334,75.68,19.19333333333333,-11.74,-47.17999999999999,0.49999999999999994,0.8660254037844387,1,0.675,1,High
2013-06-25,134.33,23.6,91.52,1.93,Almora (Almora),Almora,29.6,79.66,1,2013,6,Jun,Monsoon,,,27.983,10.97,48.31,2.42,0.0,50.870000000000005,78.44,19.093333333333337,12.63,43.209999999999994,1.2246467991473532e-16,-1.0,0,0.04666666666666667,0,Low
2013-12-22,1.36,10.8,75.4,2.65,Almora (Almora),Almora,29.6,79.66,0,2013,12,Dec,Winter,,,14.305,23.6,91.52,1.93,134.33,45.23000000000002,71.74333333333333,15.123333333333335,-12.8,-16.11999999999999,-2.4492935982947064e-16,1.0,0,0.09833333333333333,0,Low
2014-07-17,24.05,24.9,84.17,2.11,Almora (Almora),Almora,29.6,79.66,0,2014,7,Jul,Monsoon,,,28.8975,10.8,75.4,2.65,1.36,53.24666666666668,83.69666666666667,19.766666666666666,14.099999999999998,8.769999999999996,-0.4999999999999997,-0.8660254037844388,0,0.058333333333333334,0,Low
2016-07-22,33.47,24.66,84.36,2.75,Almora (Almora),Almora,29.6,79.66,0,2016,7,Jul,Monsoon,,,28.603,24.9,84.17,2.11,24.05,19.626666666666676,81.31,20.12,-0.23999999999999844,0.18999999999999773,-0.4999999999999997,-0.8660254037844388,0,0.11166666666666666,0,Low
2016-11-23,0.0,17.71,30.57,2.33,Almora (Almora),Almora,29.6,79.66,0,2016,11,Nov,Autumn,,,19.0055,24.66,84.36,2.75,33.47,19.173333333333343,66.36666666666666,22.423333333333336,-6.949999999999999,-53.79,-0.5000000000000004,0.8660254037844384,0,0.06166666666666667,0,Low
2020-01-15,1.07,11.55,75.25,1.99,Almora (Almora),Almora,29.6,79.66,0,2020,1,Jan,Winter,,,15.1135,17.71,30.57,2.33,0.0,11.513333333333343,63.39333333333334,17.973333333333333,-6.16,44.68,0.49999999999999994,0.8660254037844387,1,0.84,1,High
2021-10-18,200.54,19.23,88.06,1.91,Almora (Almora),Almora,29.6,79.66,1,2021,10,Oct,Autumn,,,23.442000000000004,11.55,75.25,1.99,1.07,67.20333333333333,64.62666666666667,16.163333333333334,7.68,12.810000000000002,-0.8660254037844386,0.5000000000000001,0,0.675,1,High
2021-12-16,0.0,10.08,49.75,1.92,Almora (Almora),Almora,29.6,79.66,0,2021,12,Dec,Winter,,,12.3755,19.23,88.06,1.91,200.54,67.20333333333333,71.02,13.62,-9.15,-38.31,-2.4492935982947064e-16,1.0,1,0.735,1,High
2022-10-09,126.75,17.97,91.67,3.17,Almora (Almora),Almora,29.6,79.66,1,2022,10,Oct,Autumn,,,22.2365,10.08,49.75,1.92,0.0,109.09666666666668,76.49333333333334,15.76,7.889999999999999,41.92,-0.8660254037844386,0.5000000000000001,1,0.8230952380952381,1,High
2023-09-10,113.33,21.91,91.54,2.09,Almora (Almora),Almora,29.6,79.66,1,2023,9,Sep,Monsoon,,,26.278000000000002,17.97,91.67,3.17,126.75,80.02666666666669,77.65333333333334,16.653333333333332,3.9400000000000013,-0.12999999999999545,-1.0,-1.8369701987210297e-16,0,0.11976190476190476,0,Low
2023-09-11,6.12,23.08,84.48,1.99,Almora (Almora),Almora,29.6,79.66,0,2023,9,Sep,Monsoon,,,27.104999999999997,21.91,91.54,2.09,113.33,82.06666666666668,89.23,20.986666666666665,1.1699999999999982,-7.060000000000002,-1.0,-1.8369701987210297e-16,0,0.115,0,Low
1992-05-02,0.08,13.81,35.16,3.4,Arakot (Uttarkashi),Uttarkashi,30.88,78.2,0,1992,5,May,Spring,,,15.228000000000002,16.8,23.95,3.54,0.0,0.04,29.555,15.305,-2.99,11.209999999999997,0.49999999999999994,-0.8660254037844387,0,0.13333333333333333,0,Low
1992-07-24,16.68,16.47,87.06,1.87,Arakot (Uttarkashi),Uttarkashi,30.88,78.2,0,1992,7,Jul,Monsoon,,,20.636,13.81,35.16,3.4,0.08,5.586666666666666,48.723333333333336,15.693333333333333,2.6599999999999984,51.900000000000006,-0.4999999999999997,-0.8660254037844388,0,0.16166666666666665,0,Low
1996-01-09,0.0,3.8,34.65,1.8,Arakot (Uttarkashi),Uttarkashi,30.88,78.2,0,1996,1,Jan,Winter,,,5.3525,16.47,87.06,1.87,16.68,5.586666666666666,52.29,11.36,-12.669999999999998,-52.410000000000004,0.49999999999999994,0.8660254037844387,0,0.06,0,Low
2000-05-23,0.01,19.18,45.08,3.06,Arakot (Uttarkashi),Uttarkashi,30.88,78.2,0,2000,5,May,Spring,,,21.128,3.8,34.65,1.8,0.0,5.5633333333333335,55.596666666666664,13.149999999999999,15.379999999999999,10.43,0.49999999999999994,-0.8660254037844387,0,0.07976190476190477,0,Low
2004-11-04,0.0,7.89,43.59,2.2,Arakot (Uttarkashi),Uttarkashi,30.88,78.2,0,2004,11,Nov,Autumn,,,9.849499999999999,19.18,45.08,3.06,0.01,0.0033333333333333335,41.10666666666666,10.29,-11.29,-1.4899999999999949,-0.5000000000000004,0.8660254037844384,0,0.23666666666666666,0,Low
2004-11-28,0.0,4.73,43.62,2.2,Arakot (Uttarkashi),Uttarkashi,30.88,78.2,0,2004,11,Nov,Autumn,,,6.691000000000001,7.89,43.59,2.2,0.0,0.0033333333333333335,44.096666666666664,10.6,-3.1599999999999993,0.02999999999999403,-0.5000000000000004,0.8660254037844384,0,0.21333333333333335,0,Low
2006-07-25,29.91,17.65,88.88,2.3,Arakot (Uttarkashi),Uttarkashi,30.88,78.2,0,2006,7,Jul,Monsoon,,,21.863999999999997,4.73,43.62,2.2,0.0,9.97,58.696666666666665,10.089999999999998,12.919999999999998,45.26,-0.4999999999999997,-0.8660254037844388,0,0.21166666666666667,0,Low
2008-10-30,0.0,8.75,51.98,2.41,Arakot (Uttarkashi),Uttarkashi,30.88,78.2,0,2008,10,Oct,Autumn,,,11.108,17.65,88.88,2.3,29.91,9.97,61.49333333333333,10.376666666666665,-8.899999999999999,-36.9,-0.8660254037844386,0.5000000000000001,0,0.04833333333333333,0,Low
2011-11-15,0.0,6.06,47.6,2.46,Arakot (Uttarkashi),Uttarkashi,30.88,78.2,0,2011,11,Nov,Autumn,,,8.193999999999999,8.75,51.98,2.41,0.0,9.97,62.81999999999999,10.819999999999999,-2.6900000000000004,-4.3799999999999955,-0.5000000000000004,0.8660254037844384,0,0.09666666666666666,0,Low
2012-06-09,0.0,17.9,41.72,3.1,Arakot (Uttarkashi),Uttarkashi,30.88,78.2,0,2012,6,Jun,Monsoon,,,19.676,6.06,47.6,2.46,0.0,0.0,47.1,10.90333333333333,11.84,-5.880000000000003,1.2246467991473532e-16,-1.0,0,0.07,0,Low
2013-04-07,0.0,11.63,45.78,2.57,Arakot (Uttarkashi),Uttarkashi,30.88,78.2,0,2013,4,Apr,Spring,,,13.662,17.9,41.72,3.1,0.0,0.0,45.03333333333334,11.863333333333332,-6.269999999999998,4.060000000000002,0.8660254037844387,-0.4999999999999998,1,0.215,0,Low
2013-06-16,121.65,13.86,95.62,3.28,Arakot (Uttarkashi),Uttarkashi,30.88,78.2,1,2013,6,Jun,Monsoon,,,18.313,11.63,45.78,2.57,0.0,40.550000000000004,61.04,14.463333333333331,2.2299999999999986,49.84,1.2246467991473532e-16,-1.0,0,0.175,0,Low
2015-04-29,0.02,12.84,57.71,2.75,Arakot (Uttarkashi),Uttarkashi,30.88,78.2,0,2015,4,Apr,Spring,,,15.4505,13.86,95.62,3.28,121.65,40.556666666666665,66.37,12.776666666666666,-1.0199999999999996,-37.910000000000004,0.8660254037844387,-0.4999999999999998,0,0.0965,0,Low
2015-12-13,0.0,2.95,64.47,2.0,Arakot (Uttarkashi),Uttarkashi,30.88,78.2,0,2015,12,Dec,Winter,,,5.9735000000000005,12.84,57.71,2.75,0.02,40.556666666666665,72.60000000000001,9.883333333333331,-9.89,6.759999999999998,-2.4492935982947064e-16,1.0,0,0.10292857142857144,0,Low
2016-02-12,0.01,2.22,56.45,2.21,Arakot (Uttarkashi),Uttarkashi,30.88,78.2,0,2016,2,Feb,Winter,,,4.8215,2.95,64.47,2.0,0.0,0.01,59.54333333333333,6.003333333333333,-0.73,-8.019999999999996,0.8660254037844386,0.5000000000000001,0,0.06666666666666667,0,Low
2017-12-02,0.0,6.38,34.51,1.58,Arakot (Uttarkashi),Uttarkashi,30.88,78.2,0,2017,12,Dec,Winter,,,7.947499999999999,2.22,56.45,2.21,0.01,0.0033333333333333335,51.81,3.849999999999999,4.16,-21.940000000000005,-2.4492935982947064e-16,1.0,1,0.61,1,High
2019-08-17,49.34,16.72,91.08,2.2,Arakot (Uttarkashi),Uttarkashi,30.88,78.2,1,2019,8,Aug,Monsoon,,,21.054000000000002,6.38,34.51,1.58,0.0,16.45,60.68,8.44,10.34,56.57,-0.8660254037844385,-0.5000000000000004,1,0.805,1,High
2019-08-18,56.52,14.98,94.34,2.76,Arakot (Uttarkashi),Uttarkashi,30.88,78.2,1,2019,8,Aug,Monsoon,,,19.421000000000003,16.72,91.08,2.2,49.34,35.28666666666667,73.31,12.693333333333333,-1.7399999999999984,3.260000000000005,-0.8660254037844385,-0.5000000000000004,1,0.9083333333333333,1,High
2019-08-19,3.9,16.36,82.25,1.66,Arakot (Uttarkashi),Uttarkashi,30.88,78.2,1,2019,8,Aug,Monsoon,,,20.3065,14.98,94.34,2.76,56.52,36.586666666666666,89.22333333333334,16.02,1.379999999999999,-12.090000000000003,-0.8660254037844385,-0.5000000000000004,0,0.14333333333333334,0,Low
2023-09-15,7.94,16.87,89.77,1.54,Arakot (Uttarkashi),Uttarkashi,30.88,78.2,0,2023,9,Sep,Monsoon,,,21.2045,16.36,82.25,1.66,3.9,22.786666666666665,88.78666666666668,16.069999999999997,0.5100000000000016,7.519999999999996,-1.0,-1.8369701987210297e-16,0,0.21558333333333332,0,Low
1997-07-01,2.4,13.14,76.44,2.48,Badrinath (Chamoli),Chamoli,30.74,79.49,0,1997,7,Jul,Monsoon,,,16.714,-3.45,47.57,1.92,0.0,1.2,62.004999999999995,4.845000000000001,16.59,28.869999999999997,-0.4999999999999997,-0.8660254037844388,0,0.03666666666666667,0,Low
1998-06-30,18.28,14.93,84.03,2.31,Badrinath (Chamoli),Chamoli,30.74,79.49,0,1998,6,Jun,Monsoon,,,18.900499999999997,13.14,76.44,2.48,2.4,6.8933333333333335,69.34666666666666,8.206666666666667,1.7899999999999991,7.590000000000003,1.2246467991473532e-16,-1.0,0,0.16666666666666666,0,Low
2002-01-19,0.92,-5.05,72.32,2.4,Badrinath (Chamoli),Chamoli,30.74,79.49,0,2002,1,Jan,Winter,,,-1.6740000000000002,14.93,84.03,2.31,18.28,7.2,77.59666666666666,7.673333333333333,-19.98,-11.710000000000008,0.49999999999999994,0.8660254037844387,1,0.12333333333333334,0,Low
2004-07-05,8.99,13.87,91.6,2.69,Badrinath (Chamoli),Chamoli,30.74,79.49,1,2004,7,Jul,Monsoon,,,18.181,-5.05,72.32,2.4,0.92,9.396666666666667,82.64999999999999,7.916666666666667,18.919999999999998,19.28,-0.4999999999999997,-0.8660254037844388,1,0.7666666666666667,1,High
2004-07-06,32.01,14.28,91.55,3.04,Badrinath (Chamoli),Chamoli,30.74,79.49,1,2004,7,Jul,Monsoon,,,18.5535,13.87,91.6,2.69,8.99,13.973333333333334,85.15666666666665,7.7,0.41000000000000014,-0.04999999999999716,-0.4999999999999997,-0.8660254037844388,1,0.855,1,High
2004-07-07,10.89,14.24,88.04,2.42,Badrinath (Chamoli),Chamoli,30.74,79.49,1,2004,7,Jul,Monsoon,,,18.4,14.28,91.55,3.04,32.01,17.296666666666663,90.39666666666666,14.13,-0.03999999999999915,-3.509999999999991,-0.4999999999999997,-0.8660254037844388,0,0.7566666666666667,1,High
2005-05-30,0.13,12.87,35.37,2.95,Badrinath (Chamoli),Chamoli,30.74,79.49,0,2005,5,May,Spring,,,14.343499999999999,14.24,88.04,2.42,10.89,14.343333333333332,71.65333333333334,13.796666666666667,-1.370000000000001,-52.67000000000001,0.49999999999999994,-0.8660254037844387,0,0.065,0,Low
2006-04-21,0.0,5.87,53.58,2.53,Badrinath (Chamoli),Chamoli,30.74,79.49,0,2006,4,Apr,Spring,,,8.296,12.87,35.37,2.95,0.13,3.673333333333334,58.99666666666667,10.993333333333332,-6.999999999999999,18.21,0.8660254037844387,-0.4999999999999998,0,0.085,0,Low
2009-12-01,0.0,3.76,41.44,1.46,Badrinath (Chamoli),Chamoli,30.74,79.49,0,2009,12,Dec,Winter,,,5.686,5.87,53.58,2.53,0.0,0.043333333333333335,43.46333333333333,7.5,-2.1100000000000003,-12.14,-2.4492935982947064e-16,1.0,0,0.07833333333333334,0,Low
2012-12-01,0.04,0.05,42.04,1.45,Badrinath (Chamoli),Chamoli,30.74,79.49,0,2012,12,Dec,Winter,,,2.0069999999999997,3.76,41.44,1.46,0.0,0.013333333333333334,45.68666666666667,3.2266666666666666,-3.71,0.6000000000000014,-2.4492935982947064e-16,1.0,1,0.15333333333333332,0,Low
2013-06-16,116.18,10.42,97.05,3.42,Badrinath (Chamoli),Chamoli,30.74,79.49,1,2013,6,Jun,Monsoon,,,14.9305,0.05,42.04,1.45,0.04,38.74,60.17666666666667,4.743333333333333,10.37,55.01,1.2246467991473532e-16,-1.0,0,0.09,0,Low
2015-04-22,0.0,8.65,58.44,2.76,Badrinath (Chamoli),Chamoli,30.74,79.49,0,2015,4,Apr,Spring,,,11.296000000000001,10.42,97.05,3.42,116.18,38.74,65.84333333333333,6.373333333333332,-1.7699999999999996,-38.61,0.8660254037844387,-0.4999999999999998,0,0.06833333333333333,0,Low
2016-09-28,0.07,10.71,83.87,2.54,Badrinath (Chamoli),Chamoli,30.74,79.49,0,2016,9,Sep,Monsoon,,,14.649500000000002,8.65,58.44,2.76,0.0,38.75,79.78666666666668,9.926666666666668,2.0600000000000005,25.430000000000007,-1.0,-1.8369701987210297e-16,0,0.10333333333333333,0,Low
2019-05-11,0.1,10.56,53.65,3.43,Badrinath (Chamoli),Chamoli,30.74,79.49,0,2019,5,May,Spring,,,12.8995,10.71,83.87,2.54,0.07,0.05666666666666667,65.32000000000001,9.973333333333333,-0.15000000000000036,-30.220000000000006,0.49999999999999994,-0.8660254037844387,0,0.051666666666666666,0,Low
2020-06-14,1.37,13.0,60.63,2.49,Badrinath (Chamoli),Chamoli,30.74,79.49,0,2020,6,Jun,Monsoon,,,15.7825,10.56,53.65,3.43,0.1,0.5133333333333333,66.05,11.423333333333332,2.4399999999999995,6.980000000000004,1.2246467991473532e-16,-1.0,1,0.6783333333333333,1,High
2021-10-18,105.45,6.66,89.44,0.91,Badrinath (Chamoli),Chamoli,30.74,79.49,1,2021,10,Oct,Autumn,,,11.041000000000002,13.0,60.63,2.49,1.37,35.64,67.90666666666667,10.073333333333332,-6.34,28.809999999999995,-0.8660254037844386,0.5000000000000001,0,0.3016666666666667,0,Medium
2022-05-29,0.16,11.48,67.7,2.37,Badrinath (Chamoli),Chamoli,30.74,79.49,0,2022,5,May,Spring,,,14.628,6.66,89.44,0.91,105.45,35.660000000000004,72.58999999999999,10.379999999999999,4.82,-21.739999999999995,0.49999999999999994,-0.8660254037844387,1,0.778,1,High
2022-08-18,0.04,14.91,85.65,2.59,Badrinath (Chamoli),Chamoli,30.74,79.49,1,2022,8,Aug,Monsoon,,,18.933500000000002,11.48,67.7,2.37,0.16,35.21666666666667,80.93,11.016666666666666,3.4299999999999997,17.950000000000003,-0.8660254037844385,-0.5000000000000004,1,0.8072619047619048,1,High
2022-08-19,17.36,13.83,93.78,2.53,Badrinath (Chamoli),Chamoli,30.74,79.49,1,2022,8,Aug,Monsoon,,,18.266,14.91,85.65,2.59,0.04,5.853333333333333,82.37666666666667,13.406666666666666,-1.08,8.129999999999995,-0.8660254037844385,-0.5000000000000004,1,0.8460000000000001,1,High
2022-08-20,15.75,11.45,92.01,1.87,Badrinath (Chamoli),Chamoli,30.74,79.49,1,2022,8,Aug,Monsoon,,,15.8635,13.83,93.78,2.53,17.36,11.049999999999999,90.48000000000002,13.396666666666667,-2.380000000000001,-1.769999999999996,-0.8660254037844385,-0.5000000000000004,1,0.8233333333333334,1,High
2022-09-23,101.2,10.93,87.32,1.82,Badrinath (Chamoli),Chamoli,30.74,79.49,1,2022,9,Sep,Monsoon,,,15.113999999999999,11.45,92.01,1.87,15.75,44.77,91.03666666666668,12.069999999999999,-0.5199999999999996,-4.690000000000012,-1.0,-1.8369701987210297e-16,0,0.325,0,Medium
2022-11-03,0.0,6.38,60.66,1.94,Badrinath (Chamoli),Chamoli,30.74,79.49,0,2022,11,Nov,Autumn,,,9.219,10.93,87.32,1.82,101.2,38.983333333333334,79.99666666666667,9.586666666666666,-4.55,-26.659999999999997,-0.5000000000000004,0.8660254037844384,0,0.07666666666666666,0,Low
2023-11-28,0.0,2.3,68.0,1.91,Badrinath (Chamoli),Chamoli,30.74,79.49,0,2023,11,Nov,Autumn,,,5.509,6.38,60.66,1.94,0.0,33.733333333333334,71.99333333333333,6.536666666666666,-4.08,7.340000000000003,-0.5000000000000004,0.8660254037844384,0,0.06,0,Low
1990-05-28,0.01,21.29,24.66,3.13,Bageshwar (Bageshwar),Bageshwar,29.83,79.77,0,1990,5,May,Spring,,,22.21,7.08,46.94,2.72,0.0,0.005,35.8,14.184999999999999,14.209999999999999,-22.279999999999998,0.49999999999999994,-0.8660254037844387,0,0.13333333333333333,0,Low
1994-12-07,0.0,9.61,33.08,2.17,Bageshwar (Bageshwar),Bageshwar,29.83,79.77,0,1994,12,Dec,Winter,,,11.046999999999999,21.29,24.66,3.13,0.01,0.0033333333333333335,34.89333333333333,12.659999999999998,-11.68,8.419999999999998,-2.4492935982947064e-16,1.0,0,0.11666666666666667,0,Low
2001-05-11,0.0,22.04,19.73,3.33,Bageshwar (Bageshwar),Bageshwar,29.83,79.77,0,2001,5,May,Spring,,,22.6935,9.61,33.08,2.17,0.0,0.0033333333333333335,25.823333333333334,17.646666666666665,12.43,-13.349999999999998,0.49999999999999994,-0.8660254037844387,0,0.3333333333333333,0,Medium
2002-12-01,0.0,6.61,22.26,2.0,Bageshwar (Bageshwar),Bageshwar,29.83,79.77,0,2002,12,Dec,Winter,,,7.523000000000001,22.04,19.73,3.33,0.0,0.0,25.02333333333333,12.753333333333332,-15.43,2.530000000000001,-2.4492935982947064e-16,1.0,0,0.25166666666666665,0,Low
2009-06-07,0.0,18.43,39.22,3.16,Bageshwar (Bageshwar),Bageshwar,29.83,79.77,0,2009,6,Jun,Monsoon,,,20.075,6.61,22.26,2.0,0.0,0.0,27.070000000000004,15.693333333333333,11.82,16.959999999999997,1.2246467991473532e-16,-1.0,1,0.14666666666666667,0,Low
2010-08-17,1.65,16.41,91.41,1.62,Bageshwar (Bageshwar),Bageshwar,29.83,79.77,1,2010,8,Aug,Monsoon,,,20.8185,18.43,39.22,3.16,0.0,0.5499999999999999,50.96333333333333,13.816666666666668,-2.0199999999999996,52.19,-0.8660254037844385,-0.5000000000000004,1,0.7133333333333334,1,High
2010-08-18,34.17,16.47,91.41,1.63,Bageshwar (Bageshwar),Bageshwar,29.83,79.77,1,2010,8,Aug,Monsoon,,,20.877499999999998,16.41,91.41,1.62,1.65,11.94,74.01333333333334,17.103333333333335,0.05999999999999872,0.0,-0.8660254037844385,-0.5000000000000004,1,0.9066666666666666,1,High
2010-08-19,13.67,17.67,90.62,1.67,Bageshwar (Bageshwar),Bageshwar,29.83,79.77,1,2010,8,Aug,Monsoon,,,22.034,16.47,91.41,1.63,34.17,16.496666666666666,91.14666666666666,16.849999999999998,1.2000000000000028,-0.789999999999992,-0.8660254037844385,-0.5000000000000004,0,0.5603333333333333,1,Medium
2010-11-17,0.17,9.87,57.92,2.12,Bageshwar (Bageshwar),Bageshwar,29.83,79.77,0,2010,11,Nov,Autumn,,,12.554,17.67,90.62,1.67,13.67,16.003333333333334,79.98333333333333,14.670000000000002,-7.8000000000000025,-32.7,-0.5000000000000004,0.8660254037844384,0,0.10642857142857143,0,Low
2013-02-02,0.0,3.84,67.1,1.81,Bageshwar (Bageshwar),Bageshwar,29.83,79.77,0,2013,2,Feb,Winter,,,7.014,9.87,57.92,2.12,0.17,4.613333333333333,71.88000000000001,10.46,-6.029999999999999,9.179999999999993,0.8660254037844386,0.5000000000000001,0,0.31983333333333336,0,Medium
2017-12-11,0.89,9.09,50.61,2.1,Bageshwar (Bageshwar),Bageshwar,29.83,79.77,0,2017,12,Dec,Winter,,,11.410499999999999,3.84,67.1,1.81,0.0,0.35333333333333333,58.54333333333333,7.599999999999999,5.25,-16.489999999999995,-2.4492935982947064e-16,1.0,0,0.17833333333333334,0,Low
2018-05-27,0.21,19.73,22.51,3.1,Bageshwar (Bageshwar),Bageshwar,29.83,79.77,0,2018,5,May,Spring,,,20.5455,9.09,50.61,2.1,0.89,0.3666666666666667,46.74,10.886666666666668,10.64,-28.099999999999998,0.49999999999999994,-0.8660254037844387,1,0.7433333333333333,1,High
2020-02-23,246.15,3.07,85.22,1.72,Bageshwar (Bageshwar),Bageshwar,29.83,79.77,1,2020,2,Feb,Winter,,,7.159,19.73,22.51,3.1,0.21,82.41666666666667,52.78000000000001,10.63,-16.66,62.709999999999994,0.8660254037844386,0.5000000000000001,1,0.845,1,High
2020-04-21,287.54,7.9,84.75,2.03,Bageshwar (Bageshwar),Bageshwar,29.83,79.77,1,2020,4,Apr,Spring,,,11.9345,3.07,85.22,1.72,246.15,177.9666666666667,64.16000000000001,10.233333333333334,4.83,-0.46999999999999886,0.8660254037844387,-0.4999999999999998,1,0.9129166666666667,1,High
2020-05-03,276.17,11.27,79.87,2.72,Bageshwar (Bageshwar),Bageshwar,29.83,79.77,1,2020,5,May,Spring,,,14.9915,7.9,84.75,2.03,287.54,269.9533333333333,83.28000000000002,7.413333333333334,3.369999999999999,-4.8799999999999955,0.49999999999999994,-0.8660254037844387,1,0.3560223665223666,0,Medium
2021-10-18,137.4,11.28,91.11,1.91,Bageshwar (Bageshwar),Bageshwar,29.83,79.77,1,2021,10,Oct,Autumn,,,15.644499999999999,11.27,79.87,2.72,276.17,233.70333333333335,85.24333333333334,10.15,0.009999999999999787,11.239999999999995,-0.8660254037844386,0.5000000000000001,0,0.6154588744588745,1,High
2021-11-24,0.0,8.11,46.72,1.59,Bageshwar (Bageshwar),Bageshwar,29.83,79.77,0,2021,11,Nov,Autumn,,,10.286999999999999,11.28,91.11,1.91,137.4,137.85666666666668,72.56666666666666,10.22,-3.17,-44.39,-0.5000000000000004,0.8660254037844384,0,0.10333333333333333,0,Low
2022-05-09,0.78,16.38,61.84,2.3,Bageshwar (Bageshwar),Bageshwar,29.83,79.77,0,2022,5,May,Spring,,,19.242,8.11,46.72,1.59,0.0,46.06,66.55666666666667,11.923333333333332,8.27,15.120000000000005,0.49999999999999994,-0.8660254037844387,1,0.78125,1,High
2022-10-18,0.1,10.98,82.79,1.53,Bageshwar (Bageshwar),Bageshwar,29.83,79.77,1,2022,10,Oct,Autumn,,,14.966500000000002,16.38,61.84,2.3,0.78,0.29333333333333333,63.78333333333334,11.823333333333332,-5.399999999999999,20.950000000000003,-0.8660254037844386,0.5000000000000001,1,0.7716666666666666,1,High
2022-10-19,0.07,9.78,84.18,1.7,Bageshwar (Bageshwar),Bageshwar,29.83,79.77,1,2022,10,Oct,Autumn,,,13.819,10.98,82.79,1.53,0.1,0.3166666666666667,76.27000000000001,12.38,-1.200000000000001,1.3900000000000006,-0.8660254037844386,0.5000000000000001,1,0.7483333333333333,1,High
2022-10-20,0.22,9.5,77.87,1.93,Bageshwar (Bageshwar),Bageshwar,29.83,79.77,1,2022,10,Oct,Autumn,,,13.2005,9.78,84.18,1.7,0.07,0.13,81.61333333333334,10.086666666666668,-0.27999999999999936,-6.310000000000002,-0.8660254037844386,0.5000000000000001,0,0.07583333333333334,0,Low
1991-11-29,0.0,11.54,33.86,1.72,Champawat (Champawat),Champawat,29.34,80.09,0,1991,11,Nov,Autumn,,,13.060999999999998,6.86,73.44,3.59,2.08,1.04,53.65,9.2,4.679999999999999,-39.58,-0.5000000000000004,0.8660254037844384,0,0.105,0,Low
1992-08-11,1.59,23.18,79.87,2.07,Champawat (Champawat),Champawat,29.34,80.09,0,1992,8,Aug,Monsoon,,,26.9665,11.54,33.86,1.72,0.0,1.2233333333333334,62.39000000000001,13.86,11.64,46.010000000000005,-0.8660254037844385,-0.5000000000000004,0,0.3151785714285714,0,Medium
1994-06-03,0.0,29.18,14.2,2.78,Champawat (Champawat),Champawat,29.34,80.09,0,1994,6,Jun,Monsoon,,,29.612000000000002,23.18,79.87,2.07,1.59,0.53,42.64333333333334,21.3,6.0,-65.67,1.2246467991473532e-16,-1.0,0,0.095,0,Low
1996-03-09,0.0,16.47,42.38,2.59,Champawat (Champawat),Champawat,29.34,80.09,0,1996,3,Mar,Spring,,,18.33,29.18,14.2,2.78,0.0,0.53,45.48333333333333,22.94333333333333,-12.71,28.180000000000003,1.0,6.123233995736766e-17,0,0.09666666666666666,0,Low
1997-04-18,0.0,18.25,37.37,2.52,Champawat (Champawat),Champawat,29.34,80.09,0,1997,4,Apr,Spring,,,19.866500000000002,16.47,42.38,2.59,0.0,0.0,31.316666666666663,21.3,1.7800000000000011,-5.010000000000005,0.8660254037844387,-0.4999999999999998,0,0.03166666666666667,0,Low
1997-08-25,3.24,21.1,87.5,2.27,Champawat (Champawat),Champawat,29.34,80.09,0,1997,8,Aug,Monsoon,,,25.248,18.25,37.37,2.52,0.0,1.08,55.75,18.606666666666666,2.8500000000000014,50.13,-0.8660254037844385,-0.5000000000000004,0,0.105,0,Low
1998-04-12,0.0,18.79,30.23,2.79,Champawat (Champawat),Champawat,29.34,80.09,0,1998,4,Apr,Spring,,,20.0225,21.1,87.5,2.27,3.24,1.08,51.699999999999996,19.38,-2.3100000000000023,-57.269999999999996,0.8660254037844387,-0.4999999999999998,0,0.115,0,Low
1998-05-20,0.0,26.18,34.95,3.2,Champawat (Champawat),Champawat,29.34,80.09,0,1998,5,May,Spring,,,27.607499999999998,18.79,30.23,2.79,0.0,1.08,50.89333333333334,22.02333333333333,7.390000000000001,4.720000000000002,0.49999999999999994,-0.8660254037844387,0,0.12833333333333333,0,Low
1999-04-21,0.0,24.47,10.92,3.41,Champawat (Champawat),Champawat,29.34,80.09,0,1999,4,Apr,Spring,,,24.674999999999997,26.18,34.95,3.2,0.0,0.0,25.366666666666664,23.146666666666665,-1.7100000000000009,-24.03,0.8660254037844387,-0.4999999999999998,1,0.4066666666666667,0,Medium
2002-08-11,101.24,21.54,94.24,2.83,Champawat (Champawat),Champawat,29.34,80.09,1,2002,8,Aug,Monsoon,,,25.968999999999998,24.47,10.92,3.41,0.0,33.74666666666666,46.703333333333326,24.063333333333333,-2.9299999999999997,83.32,-0.8660254037844385,-0.5000000000000004,0,0.23,0,Low
2004-03-10,0.0,16.35,39.13,2.57,Champawat (Champawat),Champawat,29.34,80.09,0,2004,3,Mar,Spring,,,18.0495,21.54,94.24,2.83,101.24,33.74666666666666,48.096666666666664,20.786666666666665,-5.189999999999998,-55.10999999999999,1.0,6.123233995736766e-17,1,0.7116666666666667,1,High
2004-06-18,104.58,20.87,87.72,1.43,Champawat (Champawat),Champawat,29.34,80.09,1,2004,6,Jun,Monsoon,,,25.113,16.35,39.13,2.57,0.0,68.60666666666667,73.69666666666667,19.58666666666667,4.52,48.589999999999996,1.2246467991473532e-16,-1.0,1,0.745,1,High
2005-09-16,100.38,18.46,89.51,2.84,Champawat (Champawat),Champawat,29.34,80.09,1,2005,9,Sep,Monsoon,,,22.651500000000002,20.87,87.72,1.43,104.58,68.32,72.12,18.560000000000002,-2.41,1.7900000000000063,-1.0,-1.8369701987210297e-16,0,0.20333333333333334,0,Low
2007-12-02,0.0,10.98,47.2,1.72,Champawat (Champawat),Champawat,29.34,80.09,0,2007,12,Dec,Winter,,,13.168,18.46,89.51,2.84,100.38,68.32,74.81,16.77,-7.48,-42.31,-2.4492935982947064e-16,1.0,0,0.10666666666666667,0,Low
2008-05-06,0.0,24.17,26.83,2.73,Champawat (Champawat),Champawat,29.34,80.09,0,2008,5,May,Spring,,,25.238500000000002,10.98,47.2,1.72,0.0,33.46,54.51333333333334,17.87,13.190000000000001,-20.370000000000005,0.49999999999999994,-0.8660254037844387,1,0.49309523809523814,0,Medium
2008-09-20,122.74,18.07,94.69,4.72,Champawat (Champawat),Champawat,29.34,80.09,1,2008,9,Sep,Monsoon,,,22.3325,24.17,26.83,2.73,0.0,40.913333333333334,56.24,17.74,-6.100000000000001,67.86,-1.0,-1.8369701987210297e-16,1,0.725,1,High
2011-06-30,135.81,20.98,88.75,1.6,Champawat (Champawat),Champawat,29.34,80.09,1,2011,6,Jun,Monsoon,,,25.2575,18.07,94.69,4.72,122.74,86.18333333333334,70.08999999999999,21.073333333333334,2.91,-5.939999999999998,1.2246467991473532e-16,-1.0,0,0.09666666666666666,0,Low
2013-01-21,0.0,7.23,53.79,2.1,Champawat (Champawat),Champawat,29.34,80.09,0,2013,1,Jan,Winter,,,9.7095,20.98,88.75,1.6,135.81,86.18333333333334,79.07666666666667,15.426666666666668,-13.75,-34.96,0.49999999999999994,0.8660254037844387,1,0.7745238095238095,1,High
2013-06-25,162.88,21.64,94.45,2.29,Champawat (Champawat),Champawat,29.34,80.09,1,2013,6,Jun,Monsoon,,,26.1335,7.23,53.79,2.1,0.0,99.56333333333333,78.99666666666667,16.616666666666667,14.41,40.660000000000004,1.2246467991473532e-16,-1.0,0,0.18166666666666667,0,Low
2018-07-16,5.39,23.4,83.51,2.41,Champawat (Champawat),Champawat,29.34,80.09,0,2018,7,Jul,Monsoon,,,27.3345,21.64,94.45,2.29,162.88,56.089999999999996,77.25,17.423333333333332,1.759999999999998,-10.939999999999998,-0.4999999999999997,-0.8660254037844388,1,0.77375,1,High
2018-08-07,12.73,21.36,88.34,1.94,Champawat (Champawat),Champawat,29.34,80.09,1,2018,8,Aug,Monsoon,,,25.583000000000002,23.4,83.51,2.41,5.39,60.333333333333336,88.76666666666667,22.13333333333333,-2.039999999999999,4.829999999999998,-0.8660254037844385,-0.5000000000000004,1,0.61,1,High
2018-08-08,1.11,22.35,84.71,1.63,Champawat (Champawat),Champawat,29.34,80.09,1,2018,8,Aug,Monsoon,,,26.422500000000003,21.36,88.34,1.94,12.73,6.41,85.52,22.37,0.990000000000002,-3.6300000000000097,-0.8660254037844385,-0.5000000000000004,1,0.7616666666666667,1,High
2018-08-09,0.4,22.19,91.09,2.69,Champawat (Champawat),Champawat,29.34,80.09,1,2018,8,Aug,Monsoon,,,26.475500000000004,22.35,84.71,1.63,1.11,4.746666666666667,88.04666666666667,21.96666666666667,-0.16000000000000014,6.38000000000001,-0.8660254037844385,-0.5000000000000004,1,0.9183333333333333,1,High
2020-02-23,300.78,8.24,85.44,1.95,Champawat (Champawat),Champawat,29.34,80.09,1,2020,2,Feb,Winter,,,12.317,22.19,91.09,2.69,0.4,100.76333333333332,87.08,17.593333333333337,-13.950000000000001,-5.650000000000006,0.8660254037844386,0.5000000000000001,1,0.8316666666666667,1,High
2020-04-21,344.76,15.45,74.32,1.7,Champawat (Champawat),Champawat,29.34,80.09,1,2020,4,Apr,Spring,,,18.996,8.24,85.44,1.95,300.78,215.3133333333333,83.61666666666666,15.293333333333335,7.209999999999999,-11.120000000000005,0.8660254037844387,-0.4999999999999998,1,0.8695119047619047,1,High
2020-05-03,254.31,18.41,79.94,2.04,Champawat (Champawat),Champawat,29.34,80.09,1,2020,5,May,Spring,,,22.203,15.45,74.32,1.7,344.76,299.95,79.89999999999999,14.033333333333331,2.960000000000001,5.6200000000000045,0.49999999999999994,-0.8660254037844387,0,0.58046577034077,1,Medium
2020-09-15,5.5,21.45,88.55,2.48,Champawat (Champawat),Champawat,29.34,80.09,0,2020,9,Sep,Monsoon,,,25.629499999999997,18.41,79.94,2.04,254.31,201.5233333333333,80.93666666666667,18.436666666666664,3.039999999999999,8.61,-1.0,-1.8369701987210297e-16,1,0.7597803030303031,1,High
2021-10-18,188.15,16.79,91.09,1.93,Champawat (Champawat),Champawat,29.34,80.09,1,2021,10,Oct,Autumn,,,21.1515,21.45,88.55,2.48,5.5,149.32000000000002,86.52666666666666,18.883333333333333,-4.66,2.5400000000000063,-0.8660254037844386,0.5000000000000001,0,0.5943333333333334,1,Medium
2022-05-03,0.19,23.85,42.8,2.67,Champawat (Champawat),Champawat,29.34,80.09,0,2022,5,May,Spring,,,25.723000000000003,16.79,91.09,1.93,188.15,64.61333333333333,74.14666666666666,20.696666666666665,7.060000000000002,-48.290000000000006,0.49999999999999994,-0.8660254037844387,1,0.8080952380952381,1,High
2022-10-09,101.68,15.66,92.52,2.82,Champawat (Champawat),Champawat,29.34,80.09,1,2022,10,Oct,Autumn,,,20.004,23.85,42.8,2.67,0.19,96.67333333333333,75.46999999999998,18.766666666666666,-8.190000000000001,49.72,-0.8660254037844386,0.5000000000000001,1,0.5866666666666667,1,Medium
2024-09-13,107.6,20.04,93.77,3.95,Champawat (Champawat),Champawat,29.34,80.09,1,2024,9,Sep,Monsoon,,,24.3335,15.66,92.52,2.82,101.68,69.82333333333334,76.36333333333333,19.849999999999998,4.379999999999999,1.25,-1.0,-1.8369701987210297e-16,0,0.11333333333333333,0,Low
1990-09-08,148.99,22.32,89.94,1.75,Devprayag (Tehri Garhwal),Tehri Garhwal,30.15,78.6,1,1990,9,Sep,Monsoon,,,26.642,26.68,18.76,3.17,0.0,74.495,54.35,24.5,-4.359999999999999,71.17999999999999,-1.0,-1.8369701987210297e-16,1,0.7783333333333333,1,High
1991-06-19,126.71,22.51,61.98,1.73,Devprayag (Tehri Garhwal),Tehri Garhwal,30.15,78.6,1,1991,6,Jun,Monsoon,,,25.436000000000003,22.32,89.94,1.75,148.99,91.89999999999999,56.89333333333334,23.83666666666667,0.19000000000000128,-27.96,1.2246467991473532e-16,-1.0,1,0.865,1,High
1991-08-04,119.81,23.48,83.89,2.25,Devprayag (Tehri Garhwal),Tehri Garhwal,30.15,78.6,1,1991,8,Aug,Monsoon,,,27.4495,22.51,61.98,1.73,126.71,131.83666666666667,78.60333333333334,22.77,0.9699999999999989,21.910000000000004,-0.8660254037844385,-0.5000000000000004,0,0.020946969696969697,0,Low
1994-06-20,0.0,30.13,27.32,3.12,Devprayag (Tehri Garhwal),Tehri Garhwal,30.15,78.6,0,1994,6,Jun,Monsoon,,,31.183999999999997,23.48,83.89,2.25,119.81,82.17333333333333,57.73,25.373333333333335,6.649999999999999,-56.57,1.2246467991473532e-16,-1.0,0,0.06333333333333334,0,Low
1994-11-18,0.0,13.5,45.21,1.93,Devprayag (Tehri Garhwal),Tehri Garhwal,30.15,78.6,0,1994,11,Nov,Autumn,,,15.5675,30.13,27.32,3.12,0.0,39.93666666666667,52.13999999999999,22.37,-16.63,17.89,-0.5000000000000004,0.8660254037844384,0,0.17,0,Low
1995-08-24,0.61,23.36,85.47,1.71,Devprayag (Tehri Garhwal),Tehri Garhwal,30.15,78.6,0,1995,8,Aug,Monsoon,,,27.4625,13.5,45.21,1.93,0.0,0.20333333333333334,52.666666666666664,22.33,9.86,40.26,-0.8660254037844385,-0.5000000000000004,0,0.11666666666666667,0,Low
2005-03-08,0.28,16.71,55.15,2.34,Devprayag (Tehri Garhwal),Tehri Garhwal,30.15,78.6,0,2005,3,Mar,Spring,,,19.2335,23.36,85.47,1.71,0.61,0.2966666666666667,61.943333333333335,17.85666666666667,-6.649999999999999,-30.32,1.0,6.123233995736766e-17,0,0.185,0,Low
2007-02-06,0.82,13.39,50.07,1.87,Devprayag (Tehri Garhwal),Tehri Garhwal,30.15,78.6,0,2007,2,Feb,Winter,,,15.706500000000002,16.71,55.15,2.34,0.28,0.57,63.56333333333333,17.820000000000004,-3.3200000000000003,-5.079999999999998,0.8660254037844386,0.5000000000000001,1,0.8283333333333334,1,High
2010-07-30,160.7,22.81,92.65,3.58,Devprayag (Tehri Garhwal),Tehri Garhwal,30.15,78.6,1,2010,7,Jul,Monsoon,,,27.0845,13.39,50.07,1.87,0.82,53.93333333333333,65.95666666666666,17.636666666666667,9.419999999999998,42.580000000000005,-0.4999999999999997,-0.8660254037844388,1,0.6216666666666667,1,High
2013-06-16,175.39,21.91,90.83,3.38,Devprayag (Tehri Garhwal),Tehri Garhwal,30.15,78.6,1,2013,6,Jun,Monsoon,,,26.1135,22.81,92.65,3.58,160.7,112.30333333333333,77.85000000000001,19.37,-0.8999999999999986,-1.8200000000000074,1.2246467991473532e-16,-1.0,0,0.09333333333333334,0,Low
2017-08-18,0.87,24.09,77.73,1.61,Devprayag (Tehri Garhwal),Tehri Garhwal,30.15,78.6,0,2017,8,Aug,Monsoon,,,27.8155,21.91,90.83,3.38,175.39,112.32,87.07000000000001,22.936666666666667,2.1799999999999997,-13.099999999999994,-0.8660254037844385,-0.5000000000000004,0,0.11291666666666667,0,Low
2018-02-24,3.34,15.83,42.06,2.73,Devprayag (Tehri Garhwal),Tehri Garhwal,30.15,78.6,0,2018,2,Feb,Winter,,,17.66,24.09,77.73,1.61,0.87,59.86666666666667,70.20666666666666,20.61,-8.26,-35.67,0.8660254037844386,0.5000000000000001,1,0.76,1,High
2021-10-18,108.17,17.1,87.69,2.14,Devprayag (Tehri Garhwal),Tehri Garhwal,30.15,78.6,1,2021,10,Oct,Autumn,,,21.270500000000002,15.83,42.06,2.73,3.34,37.46,69.16000000000001,19.006666666666668,1.2700000000000014,45.629999999999995,-0.8660254037844386,0.5000000000000001,0,0.36833333333333335,0,Medium
2022-01-01,0.0,9.27,50.32,1.46,Devprayag (Tehri Garhwal),Tehri Garhwal,30.15,78.6,0,2022,1,Jan,Winter,,,11.639999999999999,17.1,87.69,2.14,108.17,37.169999999999995,60.02333333333333,14.066666666666668,-7.830000000000002,-37.37,0.49999999999999994,0.8660254037844387,0,0.065,0,Low
2022-10-19,0.02,16.72,71.82,1.81,Devprayag (Tehri Garhwal),Tehri Garhwal,30.15,78.6,0,2022,10,Oct,Autumn,,,20.13,9.27,50.32,1.46,0.0,36.06333333333333,69.94333333333333,14.363333333333335,7.449999999999999,21.499999999999993,-0.8660254037844386,0.5000000000000001,0,0.25333333333333335,0,Low
2023-03-30,1.2,18.77,48.81,2.86,Devprayag (Tehri Garhwal),Tehri Garhwal,30.15,78.6,0,2023,3,Mar,Spring,,,20.9245,16.72,71.82,1.81,0.02,0.4066666666666667,56.98333333333333,14.92,2.0500000000000007,-23.00999999999999,1.0,6.123233995736766e-17,0,0.13333333333333333,0,Low
2023-04-12,0.0,22.24,43.1,3.34,Devprayag (Tehri Garhwal),Tehri Garhwal,30.15,78.6,0,2023,4,Apr,Spring,,,24.061,18.77,48.81,2.86,1.2,0.4066666666666667,54.576666666666675,19.24333333333333,3.469999999999999,-5.710000000000001,0.8660254037844387,-0.4999999999999998,0,0.11166666666666666,0,Low
2023-07-08,52.04,23.03,90.93,2.69,Devprayag (Tehri Garhwal),Tehri Garhwal,30.15,78.6,0,2023,7,Jul,Monsoon,,,27.307500000000005,22.24,43.1,3.34,0.0,17.746666666666666,60.94666666666668,21.346666666666664,0.7900000000000027,47.830000000000005,-0.4999999999999997,-0.8660254037844388,0,0.185,0,Low
2023-12-29,0.0,11.71,59.11,1.83,Devprayag (Tehri Garhwal),Tehri Garhwal,30.15,78.6,0,2023,12,Dec,Winter,,,14.482500000000002,23.03,90.93,2.69,52.04,17.346666666666668,64.38000000000001,18.993333333333336,-11.32,-31.820000000000007,-2.4492935982947064e-16,1.0,0,0.09166666666666666,0,Low
2024-08-19,10.91,22.87,94.46,3.0,Devprayag (Tehri Garhwal),Tehri Garhwal,30.15,78.6,0,2024,8,Aug,Monsoon,,,27.293,11.71,59.11,1.83,0.0,20.983333333333334,81.50000000000001,19.203333333333337,11.16,35.349999999999994,-0.8660254037844385,-0.5000000000000004,1,0.7716666666666666,1,High
1992-08-27,22.16,8.62,86.38,2.49,Dharali (Uttarkashi),Uttarkashi,31.04,78.73,0,1992,8,Aug,Monsoon,,,12.69,-1.13,58.58,2.59,0.0,11.08,72.47999999999999,3.7449999999999997,9.75,27.799999999999997,-0.8660254037844385,-0.5000000000000004,0,0.2783333333333333,0,Low
1993-03-25,38.64,-7.9,91.07,3.87,Dharali (Uttarkashi),Uttarkashi,31.04,78.73,0,1993,3,Mar,Spring,,,-3.7335000000000007,8.62,86.38,2.49,22.16,20.266666666666666,78.67666666666666,-0.13666666666666702,-16.52,4.689999999999998,1.0,6.123233995736766e-17,0,0.205,0,Low
1993-08-22,3.88,7.51,80.55,2.3,Dharali (Uttarkashi),Uttarkashi,31.04,78.73,0,1993,8,Aug,Monsoon,,,11.3075,-7.9,91.07,3.87,38.64,21.56,86.0,2.7433333333333327,15.41,-10.519999999999996,-0.8660254037844385,-0.5000000000000004,0,0.04833333333333333,0,Low
1996-10-23,0.21,-2.37,66.38,2.0,Dharali (Uttarkashi),Uttarkashi,31.04,78.73,0,1996,10,Oct,Autumn,,,0.7489999999999999,7.51,80.55,2.3,3.88,14.243333333333334,79.33333333333333,-0.9200000000000003,-9.879999999999999,-14.170000000000002,-0.8660254037844386,0.5000000000000001,0,0.02666666666666667,0,Low
1998-10-05,1.02,3.49,68.87,1.95,Dharali (Uttarkashi),Uttarkashi,31.04,78.73,0,1998,10,Oct,Autumn,,,6.7385,-2.37,66.38,2.0,0.21,1.7033333333333331,71.93333333333334,2.8766666666666665,5.86,2.490000000000009,-0.8660254037844386,0.5000000000000001,0,0.085,0,Low
2000-05-17,0.0,7.24,49.29,2.89,Dharali (Uttarkashi),Uttarkashi,31.04,78.73,0,2000,5,May,Spring,,,9.4155,3.49,68.87,1.95,1.02,0.41,61.51333333333333,2.7866666666666666,3.75,-19.580000000000005,0.49999999999999994,-0.8660254037844387,0,0.05333333333333334,0,Low
2001-05-08,0.0,5.34,54.66,3.67,Dharali (Uttarkashi),Uttarkashi,31.04,78.73,0,2001,5,May,Spring,,,7.706,7.24,49.29,2.89,0.0,0.34,57.60666666666666,5.3566666666666665,-1.9000000000000004,5.369999999999997,0.49999999999999994,-0.8660254037844387,0,0.021666666666666667,0,Low
2001-09-07,0.08,5.78,83.03,2.3,Dharali (Uttarkashi),Uttarkashi,31.04,78.73,0,2001,9,Sep,Monsoon,,,9.7015,5.34,54.66,3.67,0.0,0.02666666666666667,62.32666666666666,6.12,0.4400000000000004,28.370000000000005,-1.0,-1.8369701987210297e-16,0,0.06833333333333333,0,Low
2003-01-22,0.0,-5.18,25.45,1.8,Dharali (Uttarkashi),Uttarkashi,31.04,78.73,0,2003,1,Jan,Winter,,,-4.0874999999999995,5.78,83.03,2.3,0.08,0.02666666666666667,54.379999999999995,1.9800000000000004,-10.96,-57.58,0.49999999999999994,0.8660254037844387,0,0.04666666666666667,0,Low
2003-05-05,0.0,-1.35,32.7,3.69,Dharali (Uttarkashi),Uttarkashi,31.04,78.73,0,2003,5,May,Spring,,,-0.08399999999999985,-5.18,25.45,1.8,0.0,0.02666666666666667,47.06,-0.24999999999999986,3.8299999999999996,7.2500000000000036,0.49999999999999994,-0.8660254037844387,0,0.06,0,Low
2008-05-20,6.8,2.69,86.19,2.32,Dharali (Uttarkashi),Uttarkashi,31.04,78.73,0,2008,5,May,Spring,,,6.767499999999999,-1.35,32.7,3.69,0.0,2.2666666666666666,48.11333333333334,-1.2799999999999998,4.04,53.489999999999995,0.49999999999999994,-0.8660254037844387,0,0.06,0,Low
2009-04-08,7.51,-3.73,76.76,4.3,Dharali (Uttarkashi),Uttarkashi,31.04,78.73,0,2009,4,Apr,Spring,,,-0.32199999999999945,2.69,86.19,2.32,6.8,4.77,65.21666666666667,-0.7966666666666669,-6.42,-9.429999999999993,0.8660254037844387,-0.4999999999999998,0,0.03666666666666667,0,Low
2012-04-06,0.01,-1.44,59.81,2.83,Dharali (Uttarkashi),Uttarkashi,31.04,78.73,0,2012,4,Apr,Spring,,,1.2675000000000005,-3.73,76.76,4.3,7.51,4.773333333333333,74.25333333333333,-0.8266666666666668,2.29,-16.950000000000003,0.8660254037844387,-0.4999999999999998,0,0.115,0,Low
2012-09-10,0.41,8.77,86.27,2.4,Dharali (Uttarkashi),Uttarkashi,31.04,78.73,0,2012,9,Sep,Monsoon,,,12.8435,-1.44,59.81,2.83,0.01,2.643333333333333,74.27999999999999,1.2,10.209999999999999,26.459999999999994,-1.0,-1.8369701987210297e-16,1,0.15,0,Low
2013-06-16,119.62,6.51,96.84,6.25,Dharali (Uttarkashi),Uttarkashi,31.04,78.73,1,2013,6,Jun,Monsoon,,,10.727,8.77,86.27,2.4,0.41,40.013333333333335,80.97333333333334,4.613333333333333,-2.26,10.570000000000007,1.2246467991473532e-16,-1.0,0,0.10166666666666667,0,Low
2013-08-08,12.47,8.62,97.82,2.62,Dharali (Uttarkashi),Uttarkashi,31.04,78.73,0,2013,8,Aug,Monsoon,,,13.248999999999999,6.51,96.84,6.25,119.62,44.166666666666664,93.64333333333333,7.966666666666666,2.1099999999999994,0.9799999999999898,-0.8660254037844385,-0.5000000000000004,0,0.11166666666666666,0,Low
2014-09-03,5.95,7.35,88.28,3.28,Dharali (Uttarkashi),Uttarkashi,31.04,78.73,0,2014,9,Sep,Monsoon,,,11.436,8.62,97.82,2.62,12.47,46.01333333333333,94.31333333333333,7.493333333333332,-1.2699999999999996,-9.539999999999992,-1.0,-1.8369701987210297e-16,0,0.265,0,Low
2017-06-18,0.86,8.31,83.45,2.24,Dharali (Uttarkashi),Uttarkashi,31.04,78.73,0,2017,6,Jun,Monsoon,,,12.258500000000002,7.35,88.28,3.28,5.95,6.426666666666667,89.84999999999998,8.093333333333332,0.9600000000000009,-4.829999999999998,1.2246467991473532e-16,-1.0,0,0.08833333333333333,0,Low
2018-12-06,0.0,-7.52,81.23,2.39,Dharali (Uttarkashi),Uttarkashi,31.04,78.73,0,2018,12,Dec,Winter,,,-3.697499999999999,8.31,83.45,2.24,0.86,2.27,84.32,2.713333333333333,-15.83,-2.219999999999999,-2.4492935982947064e-16,1.0,0,0.021666666666666667,0,Low
2022-06-02,0.0,5.78,51.55,2.74,Dharali (Uttarkashi),Uttarkashi,31.04,78.73,0,2022,6,Jun,Monsoon,,,8.0835,-7.52,81.23,2.39,0.0,0.2866666666666667,72.07666666666667,2.19,13.3,-29.680000000000007,1.2246467991473532e-16,-1.0,0,0.085,0,Low
2022-08-31,0.82,9.39,79.71,2.41,Dharali (Uttarkashi),Uttarkashi,31.04,78.73,0,2022,8,Aug,Monsoon,,,13.134500000000001,5.78,51.55,2.74,0.0,0.2733333333333333,70.83,2.55,3.6100000000000003,28.159999999999997,-0.8660254037844385,-0.5000000000000004,0,0.044583333333333336,0,Low
2023-09-28,0.0,3.97,57.92,2.29,Dharali (Uttarkashi),Uttarkashi,31.04,78.73,0,2023,9,Sep,Monsoon,,,6.6370000000000005,9.39,79.71,2.41,0.82,0.2733333333333333,63.059999999999995,6.379999999999999,-5.42,-21.789999999999992,-1.0,-1.8369701987210297e-16,0,0.06333333333333334,0,Low
2025-05-19,1.14,6.04,76.08,3.54,Dharali (Uttarkashi),Uttarkashi,31.04,78.73,0,2025,5,May,Spring,,,9.490000000000002,3.97,57.92,2.29,0.0,0.6533333333333333,71.23666666666666,6.466666666666666,2.07,18.159999999999997,0.49999999999999994,-0.8660254037844387,1,0.10166666666666667,0,Low
2025-08-04,12.25,10.21,87.43,2.81,Dharali (Uttarkashi),Uttarkashi,31.04,78.73,1,2025,8,Aug,Monsoon,,,14.300500000000001,6.04,76.08,3.54,1.14,4.463333333333334,73.81,6.739999999999999,4.170000000000001,11.350000000000009,-0.8660254037844385,-0.5000000000000004,1,0.7633333333333333,1,High
2025-08-05,38.46,9.59,94.78,4.17,Dharali (Uttarkashi),Uttarkashi,31.04,78.73,1,2025,8,Aug,Monsoon,,,13.912,10.21,87.43,2.81,12.25,17.283333333333335,86.09666666666668,8.613333333333333,-0.620000000000001,7.349999999999994,-0.8660254037844385,-0.5000000000000004,1,0.525,1,Medium
1991-06-19,104.18,26.84,59.14,2.37,Haridwar (Haridwar),Haridwar,29.95,78.16,1,1991,6,Jun,Monsoon,,,29.560000000000002,25.65,89.92,2.41,135.34,119.76,74.53,26.244999999999997,1.1900000000000013,-30.78,1.2246467991473532e-16,-1.0,1,0.685,1,High
1991-08-04,104.01,27.6,82.46,2.82,Haridwar (Haridwar),Haridwar,29.95,78.16,1,1991,8,Aug,Monsoon,,,31.441000000000003,26.84,59.14,2.37,104.18,114.51,77.17333333333333,26.69666666666667,0.7600000000000016,23.319999999999993,-0.8660254037844385,-0.5000000000000004,0,0.07166666666666667,0,Low
1993-12-09,0.0,15.35,36.18,1.95,Haridwar (Haridwar),Haridwar,29.95,78.16,0,1993,12,Dec,Winter,,,16.964,27.6,82.46,2.82,104.01,69.39666666666666,59.25999999999999,23.263333333333335,-12.250000000000002,-46.279999999999994,-2.4492935982947064e-16,1.0,0,0.058333333333333334,0,Low
1995-11-11,0.08,18.71,45.16,2.54,Haridwar (Haridwar),Haridwar,29.95,78.16,0,1995,11,Nov,Autumn,,,20.714,15.35,36.18,1.95,0.0,34.696666666666665,54.599999999999994,20.55333333333333,3.360000000000001,8.979999999999997,-0.5000000000000004,0.8660254037844384,0,0.10291666666666667,0,Low
2002-06-01,3.19,31.62,31.24,2.79,Haridwar (Haridwar),Haridwar,29.95,78.16,0,2002,6,Jun,Monsoon,,,32.903,18.71,45.16,2.54,0.08,1.09,37.526666666666664,21.893333333333334,12.91,-13.919999999999998,1.2246467991473532e-16,-1.0,0,0.07166666666666667,0,Low
2008-12-26,0.0,11.6,56.02,2.57,Haridwar (Haridwar),Haridwar,29.95,78.16,0,2008,12,Dec,Winter,,,14.144,31.62,31.24,2.79,3.19,1.09,44.14000000000001,20.643333333333334,-20.020000000000003,24.780000000000005,-2.4492935982947064e-16,1.0,1,0.7016666666666667,1,High
2010-07-30,162.12,27.43,87.63,2.76,Haridwar (Haridwar),Haridwar,29.95,78.16,1,2010,7,Jul,Monsoon,,,31.5355,11.6,56.02,2.57,0.0,55.10333333333333,58.29666666666666,23.55,15.83,31.609999999999992,-0.4999999999999997,-0.8660254037844388,0,0.07333333333333333,0,Low
2010-10-04,0.0,24.0,72.79,2.0,Haridwar (Haridwar),Haridwar,29.95,78.16,0,2010,10,Oct,Autumn,,,27.439500000000002,27.43,87.63,2.76,162.12,54.04,72.14666666666666,21.009999999999998,-3.4299999999999997,-14.83999999999999,-0.8660254037844386,0.5000000000000001,0,0.11,0,Low
2010-11-14,2.17,18.7,54.35,1.91,Haridwar (Haridwar),Haridwar,29.95,78.16,0,2010,11,Nov,Autumn,,,21.2265,24.0,72.79,2.0,0.0,54.76333333333333,71.59,23.376666666666665,-5.300000000000001,-18.440000000000005,-0.5000000000000004,0.8660254037844384,0,0.16,0,Low
2011-12-18,0.0,10.86,50.06,2.07,Haridwar (Haridwar),Haridwar,29.95,78.16,0,2011,12,Dec,Winter,,,13.155999999999999,18.7,54.35,1.91,2.17,0.7233333333333333,59.06666666666667,17.853333333333335,-7.84,-4.289999999999999,-2.4492935982947064e-16,1.0,1,0.7633333333333333,1,High
2013-06-16,168.7,25.3,90.64,3.83,Haridwar (Haridwar),Haridwar,29.95,78.16,1,2013,6,Jun,Monsoon,,,29.449,10.86,50.06,2.07,0.0,56.956666666666656,65.01666666666667,18.286666666666665,14.440000000000001,40.58,1.2246467991473532e-16,-1.0,0,0.11333333333333333,0,Low
2015-08-30,4.7,26.7,82.84,2.67,Haridwar (Haridwar),Haridwar,29.95,78.16,0,2015,8,Aug,Monsoon,,,30.575,25.3,90.64,3.83,168.7,57.79999999999999,74.51333333333334,20.953333333333333,1.3999999999999986,-7.799999999999997,-0.8660254037844385,-0.5000000000000004,0,0.08666666666666667,0,Low
2023-09-19,0.09,26.26,83.8,1.79,Haridwar (Haridwar),Haridwar,29.95,78.16,0,2023,9,Sep,Monsoon,,,30.271000000000004,26.7,82.84,2.67,4.7,57.82999999999999,85.75999999999999,26.086666666666662,-0.4399999999999977,0.9599999999999937,-1.0,-1.8369701987210297e-16,0,0.10166666666666667,0,Low
2025-07-13,11.07,28.42,80.05,1.55,Haridwar (Haridwar),Haridwar,29.95,78.16,0,2025,7,Jul,Monsoon,,,32.2675,26.26,83.8,1.79,0.09,5.286666666666667,82.23,27.126666666666665,2.16,-3.75,-0.4999999999999997,-0.8660254037844388,0,0.075,0,Low
1993-01-07,3.27,-5.4,93.24,3.78,Joshimath (Chamoli),Chamoli,30.55,79.57,0,1993,1,Jan,Winter,,,-1.1160000000000005,10.1,77.87,2.06,0.36,1.815,85.555,2.3499999999999996,-15.5,15.36999999999999,0.49999999999999994,0.8660254037844387,0,0.06,0,Low
1996-08-11,7.4,13.07,93.4,2.56,Joshimath (Chamoli),Chamoli,30.55,79.57,0,1996,8,Aug,Monsoon,,,17.484,-5.4,93.24,3.78,3.27,3.676666666666667,88.17,5.923333333333333,18.47,0.1600000000000108,-0.8660254037844385,-0.5000000000000004,0,0.13,0,Low
1998-06-10,12.27,10.9,62.92,2.46,Joshimath (Chamoli),Chamoli,30.55,79.57,0,1998,6,Jun,Monsoon,,,13.8,13.07,93.4,2.56,7.4,7.646666666666667,83.18666666666667,6.19,-2.17,-30.480000000000004,1.2246467991473532e-16,-1.0,0,0.15666666666666668,0,Low
2001-09-16,0.0,9.7,60.15,1.95,Joshimath (Chamoli),Chamoli,30.55,79.57,0,2001,9,Sep,Monsoon,,,12.5125,10.9,62.92,2.46,12.27,6.5566666666666675,72.15666666666667,11.223333333333334,-1.200000000000001,-2.770000000000003,-1.0,-1.8369701987210297e-16,0,0.09666666666666666,0,Low
2002-01-28,0.13,-7.33,76.17,1.85,Joshimath (Chamoli),Chamoli,30.55,79.57,0,2002,1,Jan,Winter,,,-3.7064999999999997,9.7,60.15,1.95,0.0,4.133333333333334,66.41333333333334,4.423333333333333,-17.03,16.020000000000003,0.49999999999999994,0.8660254037844387,0,0.023333333333333334,0,Low
2002-12-24,0.85,-1.85,30.19,1.29,Joshimath (Chamoli),Chamoli,30.55,79.57,0,2002,12,Dec,Winter,,,-0.46950000000000003,-7.33,76.17,1.85,0.13,0.32666666666666666,55.50333333333333,0.17333333333333303,5.48,-45.980000000000004,-2.4492935982947064e-16,1.0,0,0.03333333333333333,0,Low
2008-01-04,0.0,-2.84,35.27,1.75,Joshimath (Chamoli),Chamoli,30.55,79.57,0,2008,1,Jan,Winter,,,-1.2514999999999996,-1.85,30.19,1.29,0.85,0.32666666666666666,47.21,-4.006666666666667,-0.9899999999999998,5.080000000000002,0.49999999999999994,0.8660254037844387,0,0.11,0,Low
2008-11-29,0.0,5.09,37.87,2.72,Joshimath (Chamoli),Chamoli,30.55,79.57,0,2008,11,Nov,Autumn,,,6.711499999999999,-2.84,35.27,1.75,0.0,0.2833333333333333,34.44333333333333,0.13333333333333344,7.93,2.5999999999999943,-0.5000000000000004,0.8660254037844384,0,0.023333333333333334,0,Low
2009-01-20,0.0,2.2,28.2,1.62,Joshimath (Chamoli),Chamoli,30.55,79.57,0,2009,1,Jan,Winter,,,3.4480000000000004,5.09,37.87,2.72,0.0,0.0,33.779999999999994,1.4833333333333336,-2.8899999999999997,-9.669999999999998,0.49999999999999994,0.8660254037844387,0,0.03833333333333333,0,Low
2009-04-16,0.02,7.82,49.76,3.12,Joshimath (Chamoli),Chamoli,30.55,79.57,0,2009,4,Apr,Spring,,,9.996,2.2,28.2,1.62,0.0,0.006666666666666667,38.60999999999999,5.036666666666667,5.62,21.56,0.8660254037844387,-0.4999999999999998,0,0.045,0,Low
2009-05-15,0.23,11.1,47.5,3.39,Joshimath (Chamoli),Chamoli,30.55,79.57,0,2009,5,May,Spring,,,13.136,7.82,49.76,3.12,0.02,0.08333333333333333,41.81999999999999,7.04,3.2799999999999994,-2.259999999999998,0.49999999999999994,-0.8660254037844387,0,0.03333333333333333,0,Low
2011-06-11,1.42,12.5,74.7,2.53,Joshimath (Chamoli),Chamoli,30.55,79.57,0,2011,6,Jun,Monsoon,,,15.982,11.1,47.5,3.39,0.23,0.5566666666666666,57.31999999999999,10.473333333333334,1.4000000000000004,27.200000000000003,1.2246467991473532e-16,-1.0,0,0.315,0,Medium
2011-06-26,18.94,13.22,94.89,2.55,Joshimath (Chamoli),Chamoli,30.55,79.57,0,2011,6,Jun,Monsoon,,,17.709500000000002,12.5,74.7,2.53,1.42,6.863333333333333,72.36333333333333,12.273333333333333,0.7200000000000006,20.189999999999998,1.2246467991473532e-16,-1.0,1,0.8016666666666666,1,High
2013-06-16,116.18,10.42,97.05,3.42,Joshimath (Chamoli),Chamoli,30.55,79.57,1,2013,6,Jun,Monsoon,,,14.9305,13.22,94.89,2.55,18.94,45.51333333333334,88.88,12.046666666666667,-2.8000000000000007,2.1599999999999966,1.2246467991473532e-16,-1.0,0,0.23333333333333334,0,Low
2014-05-06,3.96,9.05,72.96,2.72,Joshimath (Chamoli),Chamoli,30.55,79.57,0,2014,5,May,Spring,,,12.426,10.42,97.05,3.42,116.18,46.36000000000001,88.3,10.896666666666667,-1.3699999999999992,-24.090000000000003,0.49999999999999994,-0.8660254037844387,0,0.115,0,Low
2014-12-16,0.13,-4.01,73.67,1.59,Joshimath (Chamoli),Chamoli,30.55,79.57,0,2014,12,Dec,Winter,,,-0.4854999999999994,9.05,72.96,2.72,3.96,40.09,81.22666666666666,5.153333333333334,-13.06,0.710000000000008,-2.4492935982947064e-16,1.0,0,0.03333333333333333,0,Low
2015-12-17,0.01,-4.58,62.59,2.11,Joshimath (Chamoli),Chamoli,30.55,79.57,0,2015,12,Dec,Winter,,,-1.6615,-4.01,73.67,1.59,0.13,1.3666666666666665,69.74,0.15333333333333363,-0.5700000000000003,-11.079999999999998,-2.4492935982947064e-16,1.0,0,0.12,0,Low
2018-12-22,0.0,0.86,15.36,1.65,Joshimath (Chamoli),Chamoli,30.55,79.57,0,2018,12,Dec,Winter,,,1.463,-4.58,62.59,2.11,0.01,0.04666666666666667,50.54,-2.5766666666666667,5.44,-47.230000000000004,-2.4492935982947064e-16,1.0,0,0.04833333333333333,0,Low
2021-02-07,1.8727005942368125,0.5919509051822196,71.16214320896857,2.4515921243548267,Joshimath (Chamoli),Chamoli,30.55,79.57,0,2021,2,Feb,Winter,0.0,133.2653878746006,3.9048988531951663,0.86,15.36,1.65,0.0,0.6275668647456042,49.704047736322856,-1.0426830316059268,-0.2680490948177804,55.80214320896857,0.8660254037844386,0.5000000000000001,1,0.12,0,Low
2021-10-18,105.45,6.66,89.44,0.91,Joshimath (Chamoli),Chamoli,30.55,79.57,1,2021,10,Oct,Autumn,,,11.041000000000002,0.5919509051822196,71.16214320896857,2.4515921243548267,1.8727005942368125,35.77423353141227,58.654047736322845,2.7039836350607396,6.0680490948177805,18.277856791031425,-0.8660254037844386,0.5000000000000001,1,0.26,0,Low
2022-09-23,101.2,10.93,87.32,1.82,Joshimath (Chamoli),Chamoli,30.55,79.57,1,2022,9,Sep,Monsoon,,,15.113999999999999,6.66,89.44,0.91,105.45,69.50756686474561,82.6407144029895,6.0606503017274065,4.27,-2.1200000000000045,-1.0,-1.8369701987210297e-16,0,0.09,0,Low
2022-11-02,0.0,5.39,60.95,1.9,Joshimath (Chamoli),Chamoli,30.55,79.57,0,2022,11,Nov,Autumn,,,8.2475,10.93,87.32,1.82,101.2,68.88333333333334,79.23666666666666,7.66,-5.54,-26.36999999999999,-0.5000000000000004,0.8660254037844384,0,0.06958333333333333,0,Low
1992-02-24,0.1,-2.58,45.61,1.8,Karnaprayag (Chamoli),Chamoli,30.27,79.21,0,1992,2,Feb,Winter,,,-0.47950000000000015,15.05,84.76,2.96,0.29,0.195,65.185,6.235,-17.630000000000003,-39.150000000000006,0.8660254037844386,0.5000000000000001,0,0.03333333333333333,0,Low
1992-05-27,0.02,11.64,52.74,3.33,Karnaprayag (Chamoli),Chamoli,30.27,79.21,0,1992,5,May,Spring,,,13.944,-2.58,45.61,1.8,0.1,0.13666666666666666,61.03666666666667,8.036666666666667,14.22,7.130000000000003,0.49999999999999994,-0.8660254037844387,0,0.03833333333333333,0,Low
1995-02-25,0.0,-1.39,38.97,1.49,Karnaprayag (Chamoli),Chamoli,30.27,79.21,0,1995,2,Feb,Winter,,,0.4095000000000002,11.64,52.74,3.33,0.02,0.04,45.77333333333333,2.556666666666667,-13.030000000000001,-13.770000000000003,0.8660254037844386,0.5000000000000001,0,0.065,0,Low
1995-11-18,0.0,1.1,52.64,2.03,Karnaprayag (Chamoli),Chamoli,30.27,79.21,0,1995,11,Nov,Autumn,,,3.5290000000000004,-1.39,38.97,1.49,0.0,0.006666666666666667,48.11666666666667,3.783333333333333,2.49,13.670000000000002,-0.5000000000000004,0.8660254037844384,0,0.04833333333333333,0,Low
1996-12-04,0.0,-0.99,25.15,1.6,Karnaprayag (Chamoli),Chamoli,30.27,79.21,0,1996,12,Dec,Winter,,,0.10750000000000004,1.1,52.64,2.03,0.0,0.0,38.919999999999995,-0.4266666666666669,-2.09,-27.490000000000002,-2.4492935982947064e-16,1.0,0,0.065,0,Low
1997-07-14,7.55,14.15,88.57,2.71,Karnaprayag (Chamoli),Chamoli,30.27,79.21,0,1997,7,Jul,Monsoon,,,18.307499999999997,-0.99,25.15,1.6,0.0,2.5166666666666666,55.453333333333326,4.753333333333333,15.14,63.419999999999995,-0.4999999999999997,-0.8660254037844388,0,0.065,0,Low
1998-05-25,0.0,14.8,33.33,3.2,Karnaprayag (Chamoli),Chamoli,30.27,79.21,0,1998,5,May,Spring,,,16.1465,14.15,88.57,2.71,7.55,2.5166666666666666,49.01666666666667,9.32,0.6500000000000004,-55.239999999999995,0.49999999999999994,-0.8660254037844387,0,0.07,0,Low
2000-03-28,0.0,5.78,33.33,2.93,Karnaprayag (Chamoli),Chamoli,30.27,79.21,0,2000,3,Mar,Spring,,,7.1535,14.8,33.33,3.2,0.0,2.5166666666666666,51.74333333333333,11.576666666666666,-9.02,0.0,1.0,6.123233995736766e-17,0,0.13,0,Low
2000-08-26,0.03,14.1,89.36,2.21,Karnaprayag (Chamoli),Chamoli,30.27,79.21,0,2000,8,Aug,Monsoon,,,18.346999999999998,5.78,33.33,2.93,0.0,0.01,52.00666666666666,11.56,8.32,56.03,-0.8660254037844385,-0.5000000000000004,0,0.08333333333333333,0,Low
2001-05-26,1.06,11.91,50.59,2.95,Karnaprayag (Chamoli),Chamoli,30.27,79.21,0,2001,5,May,Spring,,,14.1445,14.1,89.36,2.21,0.03,0.36333333333333334,57.76,10.596666666666666,-2.1899999999999995,-38.769999999999996,0.49999999999999994,-0.8660254037844387,0,0.06833333333333333,0,Low
2001-07-06,4.52,14.45,90.56,2.87,Karnaprayag (Chamoli),Chamoli,30.27,79.21,0,2001,7,Jul,Monsoon,,,18.691000000000003,11.91,50.59,2.95,1.06,1.8699999999999999,76.83666666666666,13.486666666666665,2.539999999999999,39.97,-0.4999999999999997,-0.8660254037844388,0,0.18666666666666668,0,Low
2002-10-29,0.0,3.92,46.76,2.25,Karnaprayag (Chamoli),Chamoli,30.27,79.21,0,2002,10,Oct,Autumn,,,6.033,14.45,90.56,2.87,4.52,1.8599999999999997,62.63666666666666,10.093333333333334,-10.53,-43.800000000000004,-0.8660254037844386,0.5000000000000001,0,0.13666666666666666,0,Low
2004-02-09,0.19,-0.89,65.71,2.4,Karnaprayag (Chamoli),Chamoli,30.27,79.21,0,2004,2,Feb,Winter,,,2.1555,3.92,46.76,2.25,0.0,1.57,67.67666666666666,5.826666666666667,-4.81,18.949999999999996,0.8660254037844386,0.5000000000000001,0,0.06,0,Low
2004-09-17,4.7,10.64,89.95,2.43,Karnaprayag (Chamoli),Chamoli,30.27,79.21,0,2004,9,Sep,Monsoon,,,14.8945,-0.89,65.71,2.4,0.19,1.6300000000000001,67.47333333333334,4.556666666666667,11.530000000000001,24.24000000000001,-1.0,-1.8369701987210297e-16,0,0.17166666666666666,0,Low
2005-07-19,3.07,14.02,85.42,2.43,Karnaprayag (Chamoli),Chamoli,30.27,79.21,0,2005,7,Jul,Monsoon,,,18.048000000000002,10.64,89.95,2.43,4.7,2.6533333333333338,80.36,7.923333333333333,3.379999999999999,-4.530000000000001,-0.4999999999999997,-0.8660254037844388,0,0.19833333333333333,0,Low
2008-04-23,0.0,9.92,36.31,2.57,Karnaprayag (Chamoli),Chamoli,30.27,79.21,0,2008,4,Apr,Spring,,,11.4785,14.02,85.42,2.43,3.07,2.59,70.56,11.526666666666666,-4.1,-49.11,0.8660254037844387,-0.4999999999999998,0,0.04833333333333333,0,Low
2010-04-16,0.0,12.4,22.7,2.96,Karnaprayag (Chamoli),Chamoli,30.27,79.21,0,2010,4,Apr,Spring,,,13.239,9.92,36.31,2.57,0.0,1.0233333333333332,48.14333333333334,12.113333333333335,2.4800000000000004,-13.610000000000003,0.8660254037844387,-0.4999999999999998,0,0.08166666666666667,0,Low
2011-01-23,0.0,-4.54,40.16,1.48,Karnaprayag (Chamoli),Chamoli,30.27,79.21,0,2011,1,Jan,Winter,,,-2.68,12.4,22.7,2.96,0.0,0.0,33.056666666666665,5.926666666666667,-16.94,17.459999999999997,0.49999999999999994,0.8660254037844387,1,0.12833333333333333,0,Low
2013-06-16,116.18,10.42,97.05,3.42,Karnaprayag (Chamoli),Chamoli,30.27,79.21,1,2013,6,Jun,Monsoon,,,14.9305,-4.54,40.16,1.48,0.0,38.72666666666667,53.303333333333335,6.093333333333334,14.96,56.89,1.2246467991473532e-16,-1.0,0,0.07166666666666667,0,Low
2014-09-05,13.86,11.76,88.47,2.19,Karnaprayag (Chamoli),Chamoli,30.27,79.21,0,2014,9,Sep,Monsoon,,,15.9645,10.42,97.05,3.42,116.18,43.34666666666667,75.22666666666667,5.88,1.3399999999999999,-8.579999999999998,-1.0,-1.8369701987210297e-16,0,0.07166666666666667,0,Low
2020-06-12,0.09,13.34,73.83,2.8,Karnaprayag (Chamoli),Chamoli,30.27,79.21,0,2020,6,Jun,Monsoon,,,16.7515,11.76,88.47,2.19,13.86,43.376666666666665,86.44999999999999,11.839999999999998,1.58,-14.64,1.2246467991473532e-16,-1.0,0,0.13166666666666665,0,Low
2021-01-17,0.0,2.39,27.0,1.53,Karnaprayag (Chamoli),Chamoli,30.27,79.21,0,2021,1,Jan,Winter,,,3.587,13.34,73.83,2.8,0.09,4.6499999999999995,63.1,9.163333333333332,-10.95,-46.83,0.49999999999999994,0.8660254037844387,0,0.02666666666666667,0,Low
2021-03-01,0.0,0.97,33.47,2.33,Karnaprayag (Chamoli),Chamoli,30.27,79.21,0,2021,3,Mar,Spring,,,2.4105,2.39,27.0,1.53,0.0,0.03,44.76666666666667,5.566666666666666,-1.4200000000000002,6.469999999999999,1.0,6.123233995736766e-17,1,0.6516666666666666,1,High
2021-10-18,105.45,6.66,89.44,0.91,Karnaprayag (Chamoli),Chamoli,30.27,79.21,1,2021,10,Oct,Autumn,,,11.041000000000002,0.97,33.47,2.33,0.0,35.15,49.97,3.34,5.69,55.97,-0.8660254037844386,0.5000000000000001,0,0.15166666666666667,0,Low
2021-10-28,0.03,3.17,55.06,2.16,Karnaprayag (Chamoli),Chamoli,30.27,79.21,0,2021,10,Oct,Autumn,,,5.707,6.66,89.44,0.91,105.45,35.160000000000004,59.32333333333333,3.6,-3.49,-34.379999999999995,-0.8660254037844386,0.5000000000000001,1,0.6866666666666666,1,High
2022-09-23,101.2,10.93,87.32,1.82,Karnaprayag (Chamoli),Chamoli,30.27,79.21,1,2022,9,Sep,Monsoon,,,15.113999999999999,3.17,55.06,2.16,0.03,68.89333333333333,77.27333333333333,6.920000000000001,7.76,32.25999999999999,-1.0,-1.8369701987210297e-16,0,0.3416666666666667,0,Medium
2022-10-01,2.95,9.23,85.01,2.01,Karnaprayag (Chamoli),Chamoli,30.27,79.21,0,2022,10,Oct,Autumn,,,13.2795,10.93,87.32,1.82,101.2,34.72666666666667,75.79666666666667,7.776666666666667,-1.6999999999999993,-2.309999999999988,-0.8660254037844386,0.5000000000000001,0,0.3883333333333333,0,Medium
1991-10-08,0.0,8.25,49.03,1.97,Kedarnath (Rudraprayag),Rudraprayag,30.735,79.066,0,1991,10,Oct,Autumn,,,10.5045,-3.25,81.62,1.86,0.42,0.21,65.325,2.5,11.5,-32.59,-0.8660254037844386,0.5000000000000001,0,0.05,0,Low
1997-02-18,0.0,-3.12,36.25,2.37,Kedarnath (Rudraprayag),Rudraprayag,30.735,79.066,0,1997,2,Feb,Winter,,,-1.5445000000000002,8.25,49.03,1.97,0.0,0.13999999999999999,55.63333333333333,0.6266666666666666,-11.370000000000001,-12.780000000000001,0.8660254037844386,0.5000000000000001,0,0.03333333333333333,0,Low
1998-11-09,0.28,2.15,65.3,2.12,Kedarnath (Rudraprayag),Rudraprayag,30.735,79.066,0,1998,11,Nov,Autumn,,,5.203,-3.12,36.25,2.37,0.0,0.09333333333333334,50.19333333333333,2.4266666666666663,5.27,29.049999999999997,-0.5000000000000004,0.8660254037844384,0,0.013333333333333334,0,Low
1999-12-13,0.0,2.02,18.23,1.74,Kedarnath (Rudraprayag),Rudraprayag,30.735,79.066,0,1999,12,Dec,Winter,,,2.7575000000000003,2.15,65.3,2.12,0.28,0.09333333333333334,39.92666666666667,0.3499999999999999,-0.1299999999999999,-47.06999999999999,-2.4492935982947064e-16,1.0,0,0.04666666666666667,0,Low
2003-10-19,0.0,7.03,53.51,2.03,Kedarnath (Rudraprayag),Rudraprayag,30.735,79.066,0,2003,10,Oct,Autumn,,,9.502500000000001,2.02,18.23,1.74,0.0,0.09333333333333334,45.68,3.733333333333333,5.01,35.28,-0.8660254037844386,0.5000000000000001,0,0.09666666666666666,0,Low
2009-03-01,0.0,2.28,25.52,3.39,Kedarnath (Rudraprayag),Rudraprayag,30.735,79.066,0,2009,3,Mar,Spring,,,3.217,7.03,53.51,2.03,0.0,0.0,32.419999999999995,3.776666666666667,-4.75,-27.99,1.0,6.123233995736766e-17,0,0.115,0,Low
2010-09-19,55.02,9.15,91.86,1.33,Kedarnath (Rudraprayag),Rudraprayag,30.735,79.066,0,2010,9,Sep,Monsoon,,,13.61,2.28,25.52,3.39,0.0,18.34,56.96333333333333,6.153333333333333,6.870000000000001,66.34,-1.0,-1.8369701987210297e-16,0,0.17,0,Low
2012-08-15,19.26,13.63,88.2,2.49,Kedarnath (Rudraprayag),Rudraprayag,30.735,79.066,0,2012,8,Aug,Monsoon,,,17.791,9.15,91.86,1.33,55.02,24.76,68.52666666666666,8.353333333333333,4.48,-3.6599999999999966,-0.8660254037844385,-0.5000000000000004,1,0.8416666666666667,1,High
2013-06-15,55.44,11.57,91.03,2.38,Kedarnath (Rudraprayag),Rudraprayag,30.735,79.066,1,2013,6,Jun,Monsoon,,,15.883500000000002,13.63,88.2,2.49,19.26,43.24,90.36333333333333,11.450000000000001,-2.0600000000000005,2.8299999999999983,1.2246467991473532e-16,-1.0,1,0.855,1,High
2013-06-16,116.18,10.42,97.05,3.42,Kedarnath (Rudraprayag),Rudraprayag,30.735,79.066,1,2013,6,Jun,Monsoon,,,14.9305,11.57,91.03,2.38,55.44,63.626666666666665,92.09333333333332,11.873333333333335,-1.1500000000000004,6.019999999999996,1.2246467991473532e-16,-1.0,1,0.7433333333333333,1,High
2013-06-17,57.07,9.99,94.35,4.28,Kedarnath (Rudraprayag),Rudraprayag,30.735,79.066,1,2013,6,Jun,Monsoon,,,14.279499999999999,10.42,97.05,3.42,116.18,76.23,94.14333333333333,10.659999999999998,-0.4299999999999997,-2.700000000000003,1.2246467991473532e-16,-1.0,1,0.7783333333333333,1,High
2013-06-18,3.43,10.79,88.6,3.07,Kedarnath (Rudraprayag),Rudraprayag,30.735,79.066,1,2013,6,Jun,Monsoon,,,14.912999999999998,9.99,94.35,4.28,57.07,58.89333333333334,93.33333333333333,10.399999999999999,0.7999999999999989,-5.75,1.2246467991473532e-16,-1.0,0,0.17,0,Low
2013-09-03,3.05,12.08,89.86,1.8,Kedarnath (Rudraprayag),Rudraprayag,30.735,79.066,0,2013,9,Sep,Monsoon,,,16.393,10.79,88.6,3.07,3.43,21.183333333333334,90.93666666666667,10.953333333333333,1.290000000000001,1.2600000000000051,-1.0,-1.8369701987210297e-16,0,0.12333333333333334,0,Low
2016-10-05,1.03,10.98,74.47,2.18,Kedarnath (Rudraprayag),Rudraprayag,30.735,79.066,0,2016,10,Oct,Autumn,,,14.4855,12.08,89.86,1.8,3.05,2.5033333333333334,84.31,11.283333333333331,-1.0999999999999996,-15.39,-0.8660254037844386,0.5000000000000001,0,0.10666666666666667,0,Low
2020-09-20,0.0,12.25,53.32,2.11,Kedarnath (Rudraprayag),Rudraprayag,30.735,79.066,0,2020,9,Sep,Monsoon,,,14.705,10.98,74.47,2.18,1.03,1.36,72.55,11.770000000000001,1.2699999999999996,-21.15,-1.0,-1.8369701987210297e-16,0,0.11333333333333333,0,Low
2020-09-25,0.06,11.32,62.87,2.34,Kedarnath (Rudraprayag),Rudraprayag,30.735,79.066,0,2020,9,Sep,Monsoon,,,14.2295,12.25,53.32,2.11,0.0,0.36333333333333334,63.553333333333335,11.516666666666666,-0.9299999999999997,9.549999999999997,-1.0,-1.8369701987210297e-16,1,0.7133333333333334,1,High
2021-10-18,105.45,6.66,89.44,0.91,Kedarnath (Rudraprayag),Rudraprayag,30.735,79.066,1,2021,10,Oct,Autumn,,,11.041000000000002,11.32,62.87,2.34,0.06,35.17,68.54333333333334,10.076666666666666,-4.66,26.57,-0.8660254037844386,0.5000000000000001,1,0.7633333333333333,1,High
1996-08-22,0.51,10.72,83.63,2.22,Malpa (Pithoragarh),Pithoragarh,30.23,80.72,0,1996,8,Aug,Monsoon,,,14.6795,15.19,85.62,2.18,0.9,0.7050000000000001,84.625,12.955,-4.469999999999999,-1.990000000000009,-0.8660254037844385,-0.5000000000000004,0,0.15833333333333333,0,Low
1997-08-08,1.95,14.27,85.8,2.89,Malpa (Pithoragarh),Pithoragarh,30.23,80.72,0,1997,8,Aug,Monsoon,,,18.270999999999997,10.72,83.63,2.22,0.51,1.1199999999999999,85.01666666666667,13.393333333333333,3.549999999999999,2.1700000000000017,-0.8660254037844385,-0.5000000000000004,0,0.49309523809523814,0,Medium
1998-07-16,3.92,13.92,83.98,3.12,Malpa (Pithoragarh),Pithoragarh,30.23,80.72,0,1998,7,Jul,Monsoon,,,17.807,14.27,85.8,2.89,1.95,2.1266666666666665,84.47,12.97,-0.34999999999999964,-1.8199999999999932,-0.4999999999999997,-0.8660254037844388,1,0.7683333333333333,1,High
1998-08-16,4.72,13.38,82.54,1.93,Malpa (Pithoragarh),Pithoragarh,30.23,80.72,1,1998,8,Aug,Monsoon,,,17.314,13.92,83.98,3.12,3.92,3.53,84.10666666666667,13.856666666666667,-0.5399999999999991,-1.4399999999999977,-0.8660254037844385,-0.5000000000000004,1,0.765,1,High
1998-08-17,0.86,13.89,88.24,3.0,Malpa (Pithoragarh),Pithoragarh,30.23,80.72,1,1998,8,Aug,Monsoon,,,18.002,13.38,82.54,1.93,4.72,3.1666666666666665,84.92,13.729999999999999,0.5099999999999998,5.699999999999989,-0.8660254037844385,-0.5000000000000004,1,0.9116666666666666,1,High
1998-08-18,4.72,14.43,86.93,3.31,Malpa (Pithoragarh),Pithoragarh,30.23,80.72,1,1998,8,Aug,Monsoon,,,18.4455,13.89,88.24,3.0,0.86,3.4333333333333336,85.90333333333335,13.9,0.5399999999999991,-1.309999999999988,-0.8660254037844385,-0.5000000000000004,1,0.8216666666666667,1,High
1998-08-19,2.91,12.87,87.69,2.08,Malpa (Pithoragarh),Pithoragarh,30.23,80.72,1,1998,8,Aug,Monsoon,,,17.0465,14.43,86.93,3.31,4.72,2.83,87.62,13.729999999999999,-1.5600000000000005,0.7599999999999909,-0.8660254037844385,-0.5000000000000004,0,0.27,0,Low
1999-09-08,1.56,12.71,74.48,2.43,Malpa (Pithoragarh),Pithoragarh,30.23,80.72,0,1999,9,Sep,Monsoon,,,16.191000000000003,12.87,87.69,2.08,2.91,3.063333333333333,83.03333333333335,13.336666666666666,-0.15999999999999837,-13.209999999999994,-1.0,-1.8369701987210297e-16,0,0.10833333333333334,0,Low
2007-01-10,0.0,-2.89,28.68,1.74,Malpa (Pithoragarh),Pithoragarh,30.23,80.72,0,2007,1,Jan,Winter,,,-1.63,12.71,74.48,2.43,1.56,1.4900000000000002,63.61666666666667,7.5633333333333335,-15.600000000000001,-45.800000000000004,0.49999999999999994,0.8660254037844387,0,0.02,0,Low
2007-11-11,0.0,0.79,73.73,2.16,Malpa (Pithoragarh),Pithoragarh,30.23,80.72,0,2007,11,Nov,Autumn,,,4.2605,-2.89,28.68,1.74,0.0,0.52,58.96333333333334,3.536666666666667,3.68,45.050000000000004,-0.5000000000000004,0.8660254037844384,0,0.044583333333333336,0,Low
2008-02-12,0.0,-6.0,24.2,2.15,Malpa (Pithoragarh),Pithoragarh,30.23,80.72,0,2008,2,Feb,Winter,,,-5.005,0.79,73.73,2.16,0.0,0.0,42.20333333333334,-2.6999999999999997,-6.79,-49.53,0.8660254037844386,0.5000000000000001,1,0.655,1,High
2020-02-23,318.07,-2.15,87.32,1.22,Malpa (Pithoragarh),Pithoragarh,30.23,80.72,1,2020,2,Feb,Winter,,,2.094,-6.0,24.2,2.15,0.0,106.02333333333333,61.75,-2.453333333333333,3.85,63.11999999999999,0.8660254037844386,0.5000000000000001,1,0.7216666666666667,1,High
2020-04-21,377.84,1.83,92.89,2.27,Malpa (Pithoragarh),Pithoragarh,30.23,80.72,1,2020,4,Apr,Spring,,,6.2475,-2.15,87.32,1.22,318.07,231.97,68.13666666666667,-2.106666666666667,3.98,5.570000000000007,0.8660254037844387,-0.4999999999999998,1,0.7595833333333334,1,High
2020-05-03,369.65,6.21,84.39,2.14,Malpa (Pithoragarh),Pithoragarh,30.23,80.72,1,2020,5,May,Spring,,,10.2155,1.83,92.89,2.27,377.84,355.18666666666667,88.2,1.9633333333333336,4.38,-8.5,0.49999999999999994,-0.8660254037844387,0,0.12267857142857143,0,Low
2023-05-29,0.24,9.9,77.82,2.71,Malpa (Pithoragarh),Pithoragarh,30.23,80.72,0,2023,5,May,Spring,,,13.52,6.21,84.39,2.14,369.65,249.24333333333334,85.03333333333335,5.98,3.6900000000000004,-6.570000000000007,0.49999999999999994,-0.8660254037844387,0,0.12695238095238093,0,Low
2024-05-12,1.0,9.34,75.79,3.1,Malpa (Pithoragarh),Pithoragarh,30.23,80.72,0,2024,5,May,Spring,,,12.8195,9.9,77.82,2.71,0.24,123.63,79.33333333333333,8.483333333333333,-0.5600000000000005,-2.029999999999987,0.49999999999999994,-0.8660254037844387,0,0.10833333333333334,0,Low
2024-11-14,0.0,4.68,43.77,1.95,Malpa (Pithoragarh),Pithoragarh,30.23,80.72,0,2024,11,Nov,Autumn,,,6.6735,9.34,75.79,3.1,1.0,0.41333333333333333,65.79333333333334,7.973333333333334,-4.66,-32.02,-0.5000000000000004,0.8660254037844384,1,0.6333333333333333,1,High
1992-09-18,0.09,8.82,71.94,2.08,Mandakini Valley (Rudraprayag),Rudraprayag,30.45,79.2,0,1992,9,Sep,Monsoon,,,12.209,13.69,86.52,3.41,0.89,0.49,79.22999999999999,11.254999999999999,-4.869999999999999,-14.579999999999998,-1.0,-1.8369701987210297e-16,0,0.07833333333333334,0,Low
1999-11-19,0.0,1.88,23.19,1.72,Mandakini Valley (Rudraprayag),Rudraprayag,30.45,79.2,0,1999,11,Nov,Autumn,,,2.8675,8.82,71.94,2.08,0.09,0.32666666666666666,60.550000000000004,8.13,-6.94,-48.75,-0.5000000000000004,0.8660254037844384,0,0.056666666666666664,0,Low
2000-02-20,0.0,-5.93,52.08,2.43,Mandakini Valley (Rudraprayag),Rudraprayag,30.45,79.2,0,2000,2,Feb,Winter,,,-3.5689999999999995,1.88,23.19,1.72,0.0,0.03,49.06999999999999,1.59,-7.81,28.889999999999997,0.8660254037844386,0.5000000000000001,0,0.055,0,Low
2001-01-28,0.0,3.1,18.31,1.58,Mandakini Valley (Rudraprayag),Rudraprayag,30.45,79.2,0,2001,1,Jan,Winter,,,3.8575000000000004,-5.93,52.08,2.43,0.0,0.0,31.19333333333333,-0.3166666666666666,9.03,-33.769999999999996,0.49999999999999994,0.8660254037844387,0,0.07166666666666667,0,Low
2001-06-13,13.91,14.22,82.59,2.72,Mandakini Valley (Rudraprayag),Rudraprayag,30.45,79.2,0,2001,6,Jun,Monsoon,,,18.0775,3.1,18.31,1.58,0.0,4.636666666666667,50.99333333333334,3.796666666666667,11.120000000000001,64.28,1.2246467991473532e-16,-1.0,0,0.06166666666666667,0,Low
2003-07-27,0.86,14.88,78.24,2.33,Mandakini Valley (Rudraprayag),Rudraprayag,30.45,79.2,0,2003,7,Jul,Monsoon,,,18.559,14.22,82.59,2.72,13.91,4.923333333333333,59.71333333333333,10.733333333333334,0.6600000000000001,-4.3500000000000085,-0.4999999999999997,-0.8660254037844388,0,0.37,0,Medium
2003-08-11,6.98,12.7,89.89,2.01,Mandakini Valley (Rudraprayag),Rudraprayag,30.45,79.2,0,2003,8,Aug,Monsoon,,,16.993499999999997,14.88,78.24,2.33,0.86,7.25,83.57333333333334,13.933333333333332,-2.1800000000000015,11.650000000000006,-0.8660254037844385,-0.5000000000000004,0,0.761,1,High
2003-10-18,0.0,8.19,47.69,1.94,Mandakini Valley (Rudraprayag),Rudraprayag,30.45,79.2,0,2003,10,Oct,Autumn,,,10.3805,12.7,89.89,2.01,6.98,2.6133333333333337,71.94,11.923333333333332,-4.51,-42.2,-0.8660254037844386,0.5000000000000001,0,0.145,0,Low
2004-02-09,0.19,-0.89,65.71,2.4,Mandakini Valley (Rudraprayag),Rudraprayag,30.45,79.2,0,2004,2,Feb,Winter,,,2.1555,8.19,47.69,1.94,0.0,2.39,67.76333333333332,6.666666666666665,-9.08,18.019999999999996,0.8660254037844386,0.5000000000000001,0,0.115,0,Low
2004-09-23,0.36,9.53,80.61,1.93,Mandakini Valley (Rudraprayag),Rudraprayag,30.45,79.2,0,2004,9,Sep,Monsoon,,,13.3675,-0.89,65.71,2.4,0.19,0.18333333333333335,64.67,5.609999999999999,10.42,14.900000000000006,-1.0,-1.8369701987210297e-16,0,0.075,0,Low
2007-09-17,0.0,12.53,84.51,1.9,Mandakini Valley (Rudraprayag),Rudraprayag,30.45,79.2,0,2007,9,Sep,Monsoon,,,16.565499999999997,9.53,80.61,1.93,0.36,0.18333333333333335,76.94333333333333,7.056666666666666,3.0,3.9000000000000057,-1.0,-1.8369701987210297e-16,0,0.09833333333333333,0,Low
2008-01-30,0.0,-8.32,77.64,2.1,Mandakini Valley (Rudraprayag),Rudraprayag,30.45,79.2,0,2008,1,Jan,Winter,,,-4.648000000000001,12.53,84.51,1.9,0.0,0.12,80.92,4.579999999999999,-20.85,-6.8700000000000045,0.49999999999999994,0.8660254037844387,0,0.05333333333333334,0,Low
2008-05-15,0.05,11.64,48.66,2.93,Mandakini Valley (Rudraprayag),Rudraprayag,30.45,79.2,0,2008,5,May,Spring,,,13.780000000000001,-8.32,77.64,2.1,0.0,0.016666666666666666,70.27,5.283333333333333,19.96,-28.980000000000004,0.49999999999999994,-0.8660254037844387,0,0.04833333333333333,0,Low
2008-06-01,2.09,11.3,74.79,2.31,Mandakini Valley (Rudraprayag),Rudraprayag,30.45,79.2,0,2008,6,Jun,Monsoon,,,14.8085,11.64,48.66,2.93,0.05,0.7133333333333333,67.03,4.873333333333334,-0.33999999999999986,26.13000000000001,1.2246467991473532e-16,-1.0,0,0.10166666666666667,0,Low
2010-06-06,0.0,11.51,40.11,3.16,Mandakini Valley (Rudraprayag),Rudraprayag,30.45,79.2,0,2010,6,Jun,Monsoon,,,13.199499999999999,11.3,74.79,2.31,2.09,0.7133333333333333,54.52,11.483333333333334,0.20999999999999908,-34.68000000000001,1.2246467991473532e-16,-1.0,1,0.6866666666666666,1,High
2012-09-12,15.68,12.17,90.79,2.59,Mandakini Valley (Rudraprayag),Rudraprayag,30.45,79.2,1,2012,9,Sep,Monsoon,,,16.450499999999998,11.51,40.11,3.16,0.0,5.923333333333333,68.56333333333333,11.660000000000002,0.6600000000000001,50.68000000000001,-1.0,-1.8369701987210297e-16,1,0.7533333333333333,1,High
2012-09-13,16.86,13.07,96.02,3.65,Mandakini Valley (Rudraprayag),Rudraprayag,30.45,79.2,1,2012,9,Sep,Monsoon,,,17.506000000000004,12.17,90.79,2.59,15.68,10.846666666666666,75.64,12.25,0.9000000000000004,5.22999999999999,-1.0,-1.8369701987210297e-16,1,0.28,0,Low
2012-09-14,14.24,10.81,98.55,3.61,Mandakini Valley (Rudraprayag),Rudraprayag,30.45,79.2,1,2012,9,Sep,Monsoon,,,15.3765,13.07,96.02,3.65,16.86,15.593333333333334,95.12,12.016666666666667,-2.26,2.530000000000001,-1.0,-1.8369701987210297e-16,0,0.105,0,Low
2013-02-13,0.0,-2.3,79.96,2.08,Mandakini Valley (Rudraprayag),Rudraprayag,30.45,79.2,0,2013,2,Feb,Winter,,,1.49,10.81,98.55,3.61,14.24,10.366666666666667,91.50999999999999,7.193333333333334,-13.11,-18.590000000000003,0.8660254037844386,0.5000000000000001,1,0.6733333333333333,1,High
2013-06-16,116.18,10.42,97.05,3.42,Mandakini Valley (Rudraprayag),Rudraprayag,30.45,79.2,1,2013,6,Jun,Monsoon,,,14.9305,-2.3,79.96,2.08,0.0,43.473333333333336,91.85333333333334,6.31,12.719999999999999,17.090000000000003,1.2246467991473532e-16,-1.0,1,0.715,1,High
2013-06-17,57.07,9.99,94.35,4.28,Mandakini Valley (Rudraprayag),Rudraprayag,30.45,79.2,1,2013,6,Jun,Monsoon,,,14.279499999999999,10.42,97.05,3.42,116.18,57.75000000000001,90.45333333333332,6.036666666666666,-0.4299999999999997,-2.700000000000003,1.2246467991473532e-16,-1.0,1,0.7683333333333333,1,High
2013-06-18,3.43,10.79,88.6,3.07,Mandakini Valley (Rudraprayag),Rudraprayag,30.45,79.2,1,2013,6,Jun,Monsoon,,,14.912999999999998,9.99,94.35,4.28,57.07,58.893333333333345,93.33333333333333,10.4,0.7999999999999989,-5.75,1.2246467991473532e-16,-1.0,0,0.17,0,Low
2013-11-21,0.0,2.25,53.1,1.63,Mandakini Valley (Rudraprayag),Rudraprayag,30.45,79.2,0,2013,11,Nov,Autumn,,,4.742,10.79,88.6,3.07,3.43,20.16666666666667,78.68333333333332,7.676666666666666,-8.54,-35.49999999999999,-0.5000000000000004,0.8660254037844384,0,0.07,0,Low
2015-04-28,1.06,8.42,70.85,3.27,Mandakini Valley (Rudraprayag),Rudraprayag,30.45,79.2,0,2015,4,Apr,Spring,,,11.6355,2.25,53.1,1.63,0.0,1.4966666666666715,70.85,7.153333333333332,6.17,17.749999999999993,0.8660254037844387,-0.4999999999999998,0,0.08333333333333333,0,Low
2015-06-16,0.0,12.97,63.41,3.49,Mandakini Valley (Rudraprayag),Rudraprayag,30.45,79.2,0,2015,6,Jun,Monsoon,,,15.7915,8.42,70.85,3.27,1.06,0.3533333333333381,62.45333333333334,7.88,4.550000000000001,-7.439999999999998,1.2246467991473532e-16,-1.0,0,0.10166666666666667,0,Low
2016-03-25,0.0,8.66,45.98,2.07,Mandakini Valley (Rudraprayag),Rudraprayag,30.45,79.2,0,2016,3,Mar,Spring,,,10.751999999999999,12.97,63.41,3.49,0.0,0.3533333333333381,60.080000000000005,10.016666666666666,-4.3100000000000005,-17.43,1.0,6.123233995736766e-17,0,0.29,0,Low
2018-03-27,0.0,8.49,28.0,2.43,Mandakini Valley (Rudraprayag),Rudraprayag,30.45,79.2,0,2018,3,Mar,Spring,,,9.647,8.66,45.98,2.07,0.0,0.0,45.796666666666674,10.04,-0.16999999999999993,-17.979999999999997,1.0,6.123233995736766e-17,1,0.6733333333333333,1,High
2021-10-18,105.45,6.66,89.44,0.91,Mandakini Valley (Rudraprayag),Rudraprayag,30.45,79.2,1,2021,10,Oct,Autumn,,,11.041000000000002,8.49,28.0,2.43,0.0,35.150000000000006,54.473333333333336,7.9366666666666665,-1.83,61.44,-0.8660254037844386,0.5000000000000001,1,0.7866666666666666,1,High
2022-09-23,101.2,10.93,87.32,1.82,Mandakini Valley (Rudraprayag),Rudraprayag,30.45,79.2,1,2022,9,Sep,Monsoon,,,15.113999999999999,6.66,89.44,0.91,105.45,68.88333333333334,68.25333333333334,8.693333333333333,4.27,-2.1200000000000045,-1.0,-1.8369701987210297e-16,0,0.13166666666666665,0,Low
2022-12-22,0.0,-1.18,32.1,1.64,Mandakini Valley (Rudraprayag),Rudraprayag,30.45,79.2,0,2022,12,Dec,Winter,,,0.26100000000000023,10.93,87.32,1.82,101.2,68.88333333333334,69.62,5.469999999999999,-12.11,-55.21999999999999,-2.4492935982947064e-16,1.0,0,0.035,0,Low
1995-05-27,0.0,20.42,16.42,3.08,Munsiyari (Pithoragarh),Pithoragarh,30.07,80.24,0,1995,5,May,Spring,,,20.933000000000003,19.66,78.17,3.01,8.95,4.475,47.295,20.04,0.7600000000000016,-61.75,0.49999999999999994,-0.8660254037844387,0,0.10333333333333333,0,Low
1998-07-03,17.59,19.06,86.78,1.92,Munsiyari (Pithoragarh),Pithoragarh,30.07,80.24,0,1998,7,Jul,Monsoon,,,23.207,20.42,16.42,3.08,0.0,8.846666666666666,60.45666666666667,19.713333333333335,-1.360000000000003,70.36,-0.4999999999999997,-0.8660254037844388,0,0.44166666666666665,0,Medium
2000-06-26,0.64,18.09,77.9,2.72,Munsiyari (Pithoragarh),Pithoragarh,30.07,80.24,0,2000,6,Jun,Monsoon,,,21.713,19.06,86.78,1.92,17.59,6.076666666666667,60.366666666666674,19.19,-0.9699999999999989,-8.879999999999995,1.2246467991473532e-16,-1.0,0,0.165,0,Low
2004-04-11,0.0,16.93,25.38,3.36,Munsiyari (Pithoragarh),Pithoragarh,30.07,80.24,0,2004,4,Apr,Spring,,,17.863,18.09,77.9,2.72,0.64,6.076666666666667,63.35333333333333,18.026666666666667,-1.1600000000000001,-52.52000000000001,0.8660254037844387,-0.4999999999999998,0,0.20833333333333334,0,Low
2006-09-09,2.82,17.74,89.85,2.62,Munsiyari (Pithoragarh),Pithoragarh,30.07,80.24,0,2006,9,Sep,Monsoon,,,21.970499999999998,16.93,25.38,3.36,0.0,1.1533333333333333,64.37666666666667,17.586666666666666,0.8099999999999987,64.47,-1.0,-1.8369701987210297e-16,0,0.19666666666666666,0,Low
2008-05-06,0.0,17.18,35.24,2.7,Munsiyari (Pithoragarh),Pithoragarh,30.07,80.24,0,2008,5,May,Spring,,,18.672,17.74,89.85,2.62,2.82,0.94,50.156666666666666,17.283333333333335,-0.5599999999999987,-54.60999999999999,0.49999999999999994,-0.8660254037844387,0,0.08333333333333333,0,Low
2012-08-08,3.98,18.09,90.48,1.82,Munsiyari (Pithoragarh),Pithoragarh,30.07,80.24,0,2012,8,Aug,Monsoon,,,22.432000000000002,17.18,35.24,2.7,0.0,2.2666666666666666,71.85666666666667,17.67,0.9100000000000001,55.24,-0.8660254037844385,-0.5000000000000004,0,0.17833333333333334,0,Low
2012-10-17,0.0,10.06,75.84,1.77,Munsiyari (Pithoragarh),Pithoragarh,30.07,80.24,0,2012,10,Oct,Autumn,,,13.675,18.09,90.48,1.82,3.98,1.3266666666666667,67.18666666666667,15.11,-8.03,-14.64,-0.8660254037844386,0.5000000000000001,0,0.1,0,Low
2014-03-01,19.35,3.33,83.51,1.8,Munsiyari (Pithoragarh),Pithoragarh,30.07,80.24,0,2014,3,Mar,Spring,,,7.325500000000001,10.06,75.84,1.77,0.0,7.776666666666667,83.27666666666666,10.493333333333334,-6.73,7.670000000000002,1.0,6.123233995736766e-17,1,0.35758333333333336,0,Medium
2017-07-11,25.35,18.14,89.43,2.84,Munsiyari (Pithoragarh),Pithoragarh,30.07,80.24,1,2017,7,Jul,Monsoon,,,22.3275,3.33,83.51,1.8,19.35,14.9,82.92666666666668,10.51,14.81,5.920000000000002,-0.4999999999999997,-0.8660254037844388,1,0.845,1,High
2017-07-12,13.14,16.93,90.92,2.43,Munsiyari (Pithoragarh),Pithoragarh,30.07,80.24,1,2017,7,Jul,Monsoon,,,21.233,18.14,89.43,2.84,25.35,19.28,87.95333333333333,12.799999999999999,-1.2100000000000009,1.4899999999999949,-0.4999999999999997,-0.8660254037844388,1,0.9,1,High
2017-07-13,2.4,16.84,90.86,1.73,Munsiyari (Pithoragarh),Pithoragarh,30.07,80.24,1,2017,7,Jul,Monsoon,,,21.21,16.93,90.92,2.43,13.14,13.63,90.40333333333335,17.30333333333333,-0.08999999999999986,-0.060000000000002274,-0.4999999999999997,-0.8660254037844388,0,0.8783333333333333,1,High
2017-09-17,0.04,18.19,72.73,1.86,Munsiyari (Pithoragarh),Pithoragarh,30.07,80.24,0,2017,9,Sep,Monsoon,,,21.640500000000003,16.84,90.86,1.73,2.4,5.193333333333333,84.83666666666667,17.32,1.3500000000000014,-18.129999999999995,-1.0,-1.8369701987210297e-16,0,0.07476190476190477,0,Low
2019-04-23,0.01,15.61,56.32,2.69,Munsiyari (Pithoragarh),Pithoragarh,30.07,80.24,0,2019,4,Apr,Spring,,,18.157,18.19,72.73,1.86,0.04,0.8166666666666665,73.30333333333333,16.88,-2.580000000000002,-16.410000000000004,0.8660254037844387,-0.4999999999999998,1,0.7616666666666667,1,High
2020-02-23,246.15,3.07,85.22,1.72,Munsiyari (Pithoragarh),Pithoragarh,30.07,80.24,1,2020,2,Feb,Winter,,,7.159,15.61,56.32,2.69,0.01,82.06666666666668,71.42333333333333,12.29,-12.54,28.9,0.8660254037844386,0.5000000000000001,1,0.8366666666666667,1,High
2020-04-21,287.54,7.9,84.75,2.03,Munsiyari (Pithoragarh),Pithoragarh,30.07,80.24,1,2020,4,Apr,Spring,,,11.9345,3.07,85.22,1.72,246.15,177.9,75.42999999999999,8.86,4.83,-0.46999999999999886,0.8660254037844387,-0.4999999999999998,1,0.8892499999999999,1,High
2020-05-03,276.17,11.27,79.87,2.72,Munsiyari (Pithoragarh),Pithoragarh,30.07,80.24,1,2020,5,May,Spring,,,14.9915,7.9,84.75,2.03,287.54,269.9533333333334,83.28,7.413333333333334,3.369999999999999,-4.8799999999999955,0.49999999999999994,-0.8660254037844387,0,0.3560223665223666,0,Medium
2020-06-02,0.07,13.85,74.76,2.17,Munsiyari (Pithoragarh),Pithoragarh,30.07,80.24,0,2020,6,Jun,Monsoon,,,17.371000000000002,11.27,79.87,2.72,276.17,187.92666666666665,79.79333333333334,11.006666666666666,2.58,-5.109999999999999,1.2246467991473532e-16,-1.0,0,0.18836904761904763,0,Low
2021-05-14,0.36,13.21,69.22,2.67,Munsiyari (Pithoragarh),Pithoragarh,30.07,80.24,0,2021,5,May,Spring,,,16.404,13.85,74.76,2.17,0.07,92.2,74.61666666666667,12.776666666666666,-0.6399999999999988,-5.540000000000006,0.49999999999999994,-0.8660254037844387,1,0.5280277777777779,1,Medium
2021-07-18,21.65,19.38,89.78,2.37,Munsiyari (Pithoragarh),Pithoragarh,30.07,80.24,1,2021,7,Jul,Monsoon,,,23.632,13.21,69.22,2.67,0.36,7.359999999999999,77.92,15.479999999999999,6.169999999999998,20.560000000000002,-0.4999999999999997,-0.8660254037844388,1,0.6725119047619048,1,High
2021-07-19,20.87,17.86,91.22,1.64,Munsiyari (Pithoragarh),Pithoragarh,30.07,80.24,1,2021,7,Jul,Monsoon,,,22.256999999999998,19.38,89.78,2.37,21.65,14.293333333333331,83.40666666666668,16.816666666666666,-1.5199999999999996,1.4399999999999977,-0.4999999999999997,-0.8660254037844388,1,0.9183333333333333,1,High
2021-07-20,33.72,17.72,92.26,1.94,Munsiyari (Pithoragarh),Pithoragarh,30.07,80.24,1,2021,7,Jul,Monsoon,,,22.139,17.86,91.22,1.64,20.87,25.41333333333333,91.08666666666666,18.319999999999997,-0.14000000000000057,1.0400000000000063,-0.4999999999999997,-0.8660254037844388,1,0.865,1,High
2021-10-18,137.4,11.28,91.11,1.91,Munsiyari (Pithoragarh),Pithoragarh,30.07,80.24,1,2021,10,Oct,Autumn,,,15.644499999999999,17.72,92.26,1.94,33.72,63.99666666666667,91.53000000000002,15.62,-6.4399999999999995,-1.1500000000000057,-0.8660254037844386,0.5000000000000001,0,0.25166666666666665,0,Low
1991-06-19,114.16,20.79,66.64,1.67,Mussoorie (Dehradun),Dehradun,30.45,78.07,1,1991,6,Jun,Monsoon,,,23.955,21.3,88.37,1.67,129.46,121.81,77.505,21.045,-0.5100000000000016,-21.730000000000004,1.2246467991473532e-16,-1.0,1,0.8449285714285715,1,High
1991-08-04,110.76,23.19,82.31,2.32,Mussoorie (Dehradun),Dehradun,30.45,78.07,1,1991,8,Aug,Monsoon,,,27.073500000000003,20.79,66.64,1.67,114.16,118.12666666666667,79.10666666666667,21.76,2.400000000000002,15.670000000000002,-0.8660254037844385,-0.5000000000000004,0,0.32083333333333336,0,Medium
1991-10-08,0.0,17.91,54.55,2.32,Mussoorie (Dehradun),Dehradun,30.45,78.07,0,1991,10,Oct,Autumn,,,20.4055,23.19,82.31,2.32,110.76,74.97333333333334,67.83333333333333,20.63,-5.280000000000001,-27.760000000000005,-0.8660254037844386,0.5000000000000001,0,0.10833333333333334,0,Low
1991-11-30,0.0,9.42,38.69,2.08,Mussoorie (Dehradun),Dehradun,30.45,78.07,0,1991,11,Nov,Autumn,,,11.1465,17.91,54.55,2.32,0.0,36.92,58.51666666666667,16.84,-8.49,-15.86,-0.5000000000000004,0.8660254037844384,0,0.115,0,Low
1992-12-02,0.0,10.54,41.12,2.16,Mussoorie (Dehradun),Dehradun,30.45,78.07,0,1992,12,Dec,Winter,,,12.38,9.42,38.69,2.08,0.0,0.0,44.78666666666666,12.623333333333333,1.1199999999999992,2.4299999999999997,-2.4492935982947064e-16,1.0,0,0.08666666666666667,0,Low
1993-03-20,0.01,11.12,35.85,2.98,Mussoorie (Dehradun),Dehradun,30.45,78.07,0,1993,3,Mar,Spring,,,12.6145,10.54,41.12,2.16,0.0,0.0033333333333333335,38.553333333333335,10.36,0.5800000000000001,-5.269999999999996,1.0,6.123233995736766e-17,0,0.10833333333333334,0,Low
1995-08-01,21.24,23.71,83.69,2.35,Mussoorie (Dehradun),Dehradun,30.45,78.07,0,1995,8,Aug,Monsoon,,,27.6595,11.12,35.85,2.98,0.01,7.083333333333333,53.553333333333335,15.123333333333333,12.590000000000002,47.839999999999996,-0.8660254037844385,-0.5000000000000004,0,0.10166666666666667,0,Low
2000-03-24,0.19,12.67,48.25,2.71,Mussoorie (Dehradun),Dehradun,30.45,78.07,0,2000,3,Mar,Spring,,,14.811499999999999,23.71,83.69,2.35,21.24,7.146666666666667,55.93,15.833333333333334,-11.040000000000001,-35.44,1.0,6.123233995736766e-17,0,0.07333333333333333,0,Low
2001-09-06,0.0,20.92,75.29,2.13,Mussoorie (Dehradun),Dehradun,30.45,78.07,0,2001,9,Sep,Monsoon,,,24.471500000000002,12.67,48.25,2.71,0.19,7.1433333333333335,69.07666666666667,19.1,8.250000000000002,27.040000000000006,-1.0,-1.8369701987210297e-16,0,0.07833333333333334,0,Low
2004-06-17,79.6,23.02,85.24,3.22,Mussoorie (Dehradun),Dehradun,30.45,78.07,0,2004,6,Jun,Monsoon,,,26.96,20.92,75.29,2.13,0.0,26.596666666666664,69.59333333333333,18.87,2.099999999999998,9.949999999999989,1.2246467991473532e-16,-1.0,0,0.14833333333333334,0,Low
2006-06-12,0.02,26.95,26.34,3.81,Mussoorie (Dehradun),Dehradun,30.45,78.07,0,2006,6,Jun,Monsoon,,,27.886,23.02,85.24,3.22,79.6,26.539999999999996,62.29,23.63,3.9299999999999997,-58.89999999999999,1.2246467991473532e-16,-1.0,0,0.095,0,Low
2006-07-03,0.0,26.48,65.83,1.97,Mussoorie (Dehradun),Dehradun,30.45,78.07,0,2006,7,Jul,Monsoon,,,29.5745,26.95,26.34,3.81,0.02,26.539999999999996,59.13666666666666,25.483333333333334,-0.46999999999999886,39.489999999999995,-0.4999999999999997,-0.8660254037844388,1,0.7333333333333333,1,High
2009-08-11,3.89,23.76,83.28,2.04,Mussoorie (Dehradun),Dehradun,30.45,78.07,1,2009,8,Aug,Monsoon,,,27.720000000000002,26.48,65.83,1.97,0.0,1.3033333333333335,58.48333333333333,25.73,-2.719999999999999,17.450000000000003,-0.8660254037844385,-0.5000000000000004,1,0.30666666666666664,0,Medium
2009-08-12,0.18,24.12,83.93,1.97,Mussoorie (Dehradun),Dehradun,30.45,78.07,1,2009,8,Aug,Monsoon,,,28.119500000000002,23.76,83.28,2.04,3.89,1.3566666666666667,77.68,24.786666666666665,0.35999999999999943,0.6500000000000057,-0.8660254037844385,-0.5000000000000004,1,0.7366666666666667,1,High
2009-08-13,5.63,23.44,88.98,2.2,Mussoorie (Dehradun),Dehradun,30.45,78.07,1,2009,8,Aug,Monsoon,,,27.669000000000004,24.12,83.93,1.97,0.18,3.233333333333333,85.39666666666669,23.77333333333333,-0.6799999999999997,5.049999999999997,-0.8660254037844385,-0.5000000000000004,1,0.8116666666666666,1,High
2010-07-30,136.54,22.93,92.3,3.04,Mussoorie (Dehradun),Dehradun,30.45,78.07,1,2010,7,Jul,Monsoon,,,27.241000000000003,23.44,88.98,2.2,5.63,47.449999999999996,88.40333333333332,23.49666666666667,-0.5100000000000016,3.319999999999993,-0.4999999999999997,-0.8660254037844388,0,0.2633333333333333,0,Low
2011-02-02,0.0,10.3,44.34,2.03,Mussoorie (Dehradun),Dehradun,30.45,78.07,0,2011,2,Feb,Winter,,,12.314000000000002,22.93,92.3,3.04,136.54,47.38999999999999,75.20666666666666,18.89,-12.629999999999999,-47.959999999999994,0.8660254037844386,0.5000000000000001,0,0.11333333333333333,0,Low
2012-08-04,61.45,21.99,91.29,2.57,Mussoorie (Dehradun),Dehradun,30.45,78.07,0,2012,8,Aug,Monsoon,,,26.297499999999996,10.3,44.34,2.03,0.0,65.99666666666667,75.97666666666667,18.406666666666666,11.689999999999998,46.95,-0.8660254037844385,-0.5000000000000004,1,0.825,1,High
2013-06-15,106.75,22.62,81.71,1.99,Mussoorie (Dehradun),Dehradun,30.45,78.07,1,2013,6,Jun,Monsoon,,,26.5065,21.99,91.29,2.57,61.45,56.06666666666666,72.44666666666666,18.30333333333333,0.6300000000000026,-9.580000000000013,1.2246467991473532e-16,-1.0,1,0.7966666666666666,1,High
2013-06-16,158.4,20.92,92.95,3.77,Mussoorie (Dehradun),Dehradun,30.45,78.07,1,2013,6,Jun,Monsoon,,,25.190500000000004,22.62,81.71,1.99,106.75,108.86666666666667,88.65000000000002,21.843333333333334,-1.6999999999999993,11.240000000000009,1.2246467991473532e-16,-1.0,0,0.11791666666666667,0,Low
2015-10-08,0.0,19.67,63.9,2.28,Mussoorie (Dehradun),Dehradun,30.45,78.07,0,2015,10,Oct,Autumn,,,22.637,20.92,92.95,3.77,158.4,88.38333333333334,79.52,21.070000000000004,-1.25,-29.050000000000004,-0.8660254037844386,0.5000000000000001,1,0.715,1,High
2017-07-14,0.43,22.66,82.78,1.7,Mussoorie (Dehradun),Dehradun,30.45,78.07,1,2017,7,Jul,Monsoon,,,26.628999999999998,19.67,63.9,2.28,0.0,52.94333333333335,79.87666666666668,21.083333333333332,2.9899999999999984,18.880000000000003,-0.4999999999999997,-0.8660254037844388,1,0.7589166666666667,1,High
2017-07-15,1.96,23.04,85.74,2.38,Mussoorie (Dehradun),Dehradun,30.45,78.07,1,2017,7,Jul,Monsoon,,,27.089,22.66,82.78,1.7,0.43,0.7966666666666665,77.47333333333334,21.790000000000003,0.379999999999999,2.9599999999999937,-0.4999999999999997,-0.8660254037844388,1,0.75625,1,High
2017-07-16,1.07,23.31,85.02,2.21,Mussoorie (Dehradun),Dehradun,30.45,78.07,1,2017,7,Jul,Monsoon,,,27.34,23.04,85.74,2.38,1.96,1.1533333333333333,84.51333333333334,23.00333333333333,0.2699999999999996,-0.7199999999999989,-0.4999999999999997,-0.8660254037844388,0,0.215,0,Low
2018-01-29,0.0,11.0,35.29,2.75,Mussoorie (Dehradun),Dehradun,30.45,78.07,0,2018,1,Jan,Winter,,,12.4895,23.31,85.02,2.21,1.07,1.01,68.68333333333332,19.116666666666664,-12.309999999999999,-49.73,0.49999999999999994,0.8660254037844387,0,0.09833333333333333,0,Low
2018-04-10,6.44,19.56,60.07,3.07,Mussoorie (Dehradun),Dehradun,30.45,78.07,0,2018,4,Apr,Spring,,,22.2565,11.0,35.29,2.75,0.0,2.5033333333333334,60.126666666666665,17.956666666666667,8.559999999999999,24.78,0.8660254037844387,-0.4999999999999998,0,0.115,0,Low
2021-07-01,0.07,27.88,46.49,3.41,Mussoorie (Dehradun),Dehradun,30.45,78.07,0,2021,7,Jul,Monsoon,,,29.8635,19.56,60.07,3.07,6.44,2.1700000000000004,47.28333333333333,19.48,8.32,-13.579999999999998,-0.4999999999999997,-0.8660254037844388,1,0.6783333333333333,1,High
2023-07-10,110.93,22.65,94.61,2.57,Mussoorie (Dehradun),Dehradun,30.45,78.07,1,2023,7,Jul,Monsoon,,,27.123499999999996,27.88,46.49,3.41,0.07,39.14666666666667,67.05666666666667,23.363333333333333,-5.23,48.12,-0.4999999999999997,-0.8660254037844388,0,0.12666666666666668,0,Low
1991-05-11,0.69,26.14,16.78,2.93,Nainital (Nainital),Nainital,29.38,79.45,0,1991,5,May,Spring,,,26.686,20.98,77.2,2.21,0.61,0.6499999999999999,46.99,23.560000000000002,5.16,-60.42,0.49999999999999994,-0.8660254037844387,1,0.71,1,High
1991-08-27,106.45,23.63,86.37,1.79,Nainital (Nainital),Nainital,29.38,79.45,1,1991,8,Aug,Monsoon,,,27.7695,26.14,16.78,2.93,0.69,35.916666666666664,60.116666666666674,23.583333333333332,-2.5100000000000016,69.59,-0.8660254037844385,-0.5000000000000004,0,0.19166666666666668,0,Low
1992-02-05,0.0,12.08,36.06,2.55,Nainital (Nainital),Nainital,29.38,79.45,0,1992,2,Feb,Winter,,,13.628,23.63,86.37,1.79,106.45,35.71333333333333,46.403333333333336,20.616666666666664,-11.549999999999999,-50.31,0.8660254037844386,0.5000000000000001,0,0.2833333333333333,0,Low
1994-07-08,35.3,25.66,79.08,1.62,Nainital (Nainital),Nainital,29.38,79.45,0,1994,7,Jul,Monsoon,,,29.452,12.08,36.06,2.55,0.0,47.25,67.17,20.456666666666667,13.58,43.019999999999996,-0.4999999999999997,-0.8660254037844388,0,0.22601190476190477,0,Low
1994-08-04,9.03,25.04,81.65,1.88,Nainital (Nainital),Nainital,29.38,79.45,0,1994,8,Aug,Monsoon,,,28.9345,25.66,79.08,1.62,35.3,14.776666666666666,65.59666666666668,20.926666666666666,-0.620000000000001,2.5700000000000074,-0.8660254037844385,-0.5000000000000004,0,0.10458333333333333,0,Low
1999-07-20,33.98,25.32,80.25,2.67,Nainital (Nainital),Nainital,29.38,79.45,0,1999,7,Jul,Monsoon,,,29.0655,25.04,81.65,1.88,9.03,26.103333333333335,80.32666666666667,25.340000000000003,0.28000000000000114,-1.4000000000000057,-0.4999999999999997,-0.8660254037844388,0,0.10833333333333334,0,Low
2000-02-08,0.05,10.88,48.5,2.19,Nainital (Nainital),Nainital,29.38,79.45,0,2000,2,Feb,Winter,,,13.086000000000002,25.32,80.25,2.67,33.98,14.353333333333332,70.13333333333334,20.413333333333334,-14.44,-31.75,0.8660254037844386,0.5000000000000001,0,0.13166666666666665,0,Low
2001-09-09,5.29,22.19,82.17,2.37,Nainital (Nainital),Nainital,29.38,79.45,0,2001,9,Sep,Monsoon,,,26.061500000000002,10.88,48.5,2.19,0.05,13.106666666666664,70.30666666666666,19.463333333333335,11.31,33.67,-1.0,-1.8369701987210297e-16,1,0.24333333333333335,0,Low
2002-08-11,125.11,23.36,94.0,2.71,Nainital (Nainital),Nainital,29.38,79.45,1,2002,8,Aug,Monsoon,,,27.788999999999998,22.19,82.17,2.37,5.29,43.48333333333333,74.89,18.81,1.1699999999999982,11.829999999999998,-0.8660254037844385,-0.5000000000000004,1,0.375,0,Medium
2004-06-18,105.57,23.43,85.09,1.71,Nainital (Nainital),Nainital,29.38,79.45,1,2004,6,Jun,Monsoon,,,27.5135,23.36,94.0,2.71,125.11,78.65666666666665,87.08666666666666,22.99333333333333,0.07000000000000028,-8.909999999999997,1.2246467991473532e-16,-1.0,0,0.16666666666666666,0,Low
2004-09-26,0.0,22.04,57.64,2.32,Nainital (Nainital),Nainital,29.38,79.45,0,2004,9,Sep,Monsoon,,,24.69,23.43,85.09,1.71,105.57,76.89333333333333,78.91000000000001,22.94333333333333,-1.3900000000000006,-27.450000000000003,-1.0,-1.8369701987210297e-16,0,0.345,0,Medium
2006-07-30,6.38,25.04,81.05,2.07,Nainital (Nainital),Nainital,29.38,79.45,0,2006,7,Jul,Monsoon,,,28.8855,22.04,57.64,2.32,0.0,37.31666666666666,74.59333333333333,23.50333333333333,3.0,23.409999999999997,-0.4999999999999997,-0.8660254037844388,0,0.1,0,Low
2007-04-24,0.0,25.58,25.88,4.3,Nainital (Nainital),Nainital,29.38,79.45,0,2007,4,Apr,Spring,,,26.444,25.04,81.05,2.07,6.38,2.1266666666666665,54.85666666666666,24.22,0.5399999999999991,-55.17,0.8660254037844387,-0.4999999999999998,1,0.7583333333333333,1,High
2008-09-20,116.33,20.84,96.15,4.12,Nainital (Nainital),Nainital,29.38,79.45,1,2008,9,Sep,Monsoon,,,25.235500000000002,25.58,25.88,4.3,0.0,40.90333333333333,67.69333333333333,23.819999999999997,-4.739999999999998,70.27000000000001,-1.0,-1.8369701987210297e-16,0,0.27,0,Low
2008-11-12,0.0,16.07,70.2,1.51,Nainital (Nainital),Nainital,29.38,79.45,0,2008,11,Nov,Autumn,,,19.429000000000002,20.84,96.15,4.12,116.33,38.776666666666664,64.07666666666667,20.83,-4.77,-25.950000000000003,-0.5000000000000004,0.8660254037844384,0,0.09833333333333333,0,Low
2009-11-17,0.77,14.26,64.08,1.33,Nainital (Nainital),Nainital,29.38,79.45,0,2009,11,Nov,Autumn,,,17.331,16.07,70.2,1.51,0.0,39.03333333333333,76.81,17.05666666666667,-1.8100000000000005,-6.1200000000000045,-0.5000000000000004,0.8660254037844384,1,0.82,1,High
2010-07-30,127.5,22.67,93.77,3.57,Nainital (Nainital),Nainital,29.38,79.45,1,2010,7,Jul,Monsoon,,,27.001500000000004,14.26,64.08,1.33,0.77,42.75666666666666,76.01666666666667,17.666666666666668,8.410000000000002,29.689999999999998,-0.4999999999999997,-0.8660254037844388,0,0.25,0,Low
2010-11-03,0.0,16.13,72.92,1.95,Nainital (Nainital),Nainital,29.38,79.45,0,2010,11,Nov,Autumn,,,19.581,22.67,93.77,3.57,127.5,42.75666666666666,76.92333333333333,17.686666666666667,-6.540000000000003,-20.849999999999994,-0.5000000000000004,0.8660254037844384,1,0.7366666666666667,1,High
2011-06-30,106.83,23.9,83.24,1.83,Nainital (Nainital),Nainital,29.38,79.45,1,2011,6,Jun,Monsoon,,,27.878999999999998,16.13,72.92,1.95,0.0,78.11,83.31,20.900000000000002,7.77,10.319999999999993,1.2246467991473532e-16,-1.0,0,0.08583333333333333,0,Low
2012-08-10,7.51,25.0,77.05,1.69,Nainital (Nainital),Nainital,29.38,79.45,0,2012,8,Aug,Monsoon,,,28.6835,23.9,83.24,1.83,106.83,38.11333333333334,77.73666666666666,21.676666666666666,1.1000000000000014,-6.189999999999998,-0.8660254037844385,-0.5000000000000004,0,0.06976190476190477,0,Low
2013-02-26,0.0,15.57,58.84,2.25,Nainital (Nainital),Nainital,29.38,79.45,0,2013,2,Feb,Winter,,,18.287,25.0,77.05,1.69,7.51,38.11333333333334,73.04333333333334,21.49,-9.43,-18.209999999999994,0.8660254037844386,0.5000000000000001,1,0.81,1,High
2013-06-25,134.33,23.6,91.52,1.93,Nainital (Nainital),Nainital,29.38,79.45,1,2013,6,Jun,Monsoon,,,27.983,15.57,58.84,2.25,0.0,47.28000000000001,75.80333333333333,21.39,8.030000000000001,32.67999999999999,1.2246467991473532e-16,-1.0,0,0.08833333333333333,0,Low
2013-10-19,0.04,19.6,71.49,2.04,Nainital (Nainital),Nainital,29.38,79.45,0,2013,10,Oct,Autumn,,,22.9705,23.6,91.52,1.93,134.33,44.79,73.95,19.59,-4.0,-20.03,-0.8660254037844386,0.5000000000000001,0,0.13,0,Low
2016-11-24,0.0,16.78,33.97,2.8,Nainital (Nainital),Nainital,29.38,79.45,0,2016,11,Nov,Autumn,,,18.1985,19.6,71.49,2.04,0.04,44.79,65.66,19.993333333333336,-2.8200000000000003,-37.519999999999996,-0.5000000000000004,0.8660254037844384,0,0.11,0,Low
2017-08-04,12.5,24.35,86.56,2.39,Nainital (Nainital),Nainital,29.38,79.45,0,2017,8,Aug,Monsoon,,,28.439,16.78,33.97,2.8,0.0,4.18,64.00666666666666,20.243333333333336,7.57,52.59,-0.8660254037844385,-0.5000000000000004,1,0.6833333333333333,1,High
2021-10-18,200.54,19.23,88.06,1.91,Nainital (Nainital),Nainital,29.38,79.45,1,2021,10,Oct,Autumn,,,23.442000000000004,24.35,86.56,2.39,12.5,71.01333333333334,69.53,20.120000000000005,-5.120000000000001,1.5,-0.8660254037844386,0.5000000000000001,0,0.48625,0,Medium
2021-12-18,0.0,8.48,56.71,1.74,Nainital (Nainital),Nainital,29.38,79.45,0,2021,12,Dec,Winter,,,11.1415,19.23,88.06,1.91,200.54,71.01333333333334,77.11,17.353333333333335,-10.75,-31.35,-2.4492935982947064e-16,1.0,1,0.8183333333333334,1,High
2022-10-09,126.75,17.97,91.67,3.17,Nainital (Nainital),Nainital,29.38,79.45,1,2022,10,Oct,Autumn,,,22.2365,8.48,56.71,1.74,0.0,109.09666666666665,78.81333333333333,15.226666666666668,9.489999999999998,34.96,-0.8660254037844386,0.5000000000000001,0,0.7722619047619048,1,High
2022-10-23,0.0,17.24,68.81,2.21,Nainital (Nainital),Nainital,29.38,79.45,0,2022,10,Oct,Autumn,,,20.4595,17.97,91.67,3.17,126.75,42.25,72.39666666666666,14.563333333333333,-0.7300000000000004,-22.86,-0.8660254037844386,0.5000000000000001,0,0.15833333333333333,0,Low
2023-02-04,0.0,14.01,45.85,2.98,Nainital (Nainital),Nainital,29.38,79.45,0,2023,2,Feb,Winter,,,16.0045,17.24,68.81,2.21,0.0,42.25,68.77666666666666,16.406666666666666,-3.2299999999999986,-22.96,0.8660254037844386,0.5000000000000001,1,0.7633333333333333,1,High
2023-09-10,113.33,21.91,91.54,2.09,Nainital (Nainital),Nainital,29.38,79.45,1,2023,9,Sep,Monsoon,,,26.278000000000002,14.01,45.85,2.98,0.0,37.776666666666664,68.73333333333333,17.72,7.9,45.690000000000005,-1.0,-1.8369701987210297e-16,0,0.16166666666666665,0,Low
1990-09-08,148.99,22.32,89.94,1.75,Pauri (Pauri Garhwal),Pauri Garhwal,30.15,78.78,1,1990,9,Sep,Monsoon,,,26.642,22.88,84.66,1.48,15.42,82.205,87.3,22.6,-0.5599999999999987,5.280000000000001,-1.0,-1.8369701987210297e-16,1,0.8533333333333334,1,High
1991-06-19,126.71,22.51,61.98,1.73,Pauri (Pauri Garhwal),Pauri Garhwal,30.15,78.78,1,1991,6,Jun,Monsoon,,,25.436000000000003,22.32,89.94,1.75,148.99,97.04,78.86,22.570000000000004,0.19000000000000128,-27.96,1.2246467991473532e-16,-1.0,1,0.9179166666666667,1,High
1991-08-04,119.81,23.48,83.89,2.25,Pauri (Pauri Garhwal),Pauri Garhwal,30.15,78.78,1,1991,8,Aug,Monsoon,,,27.4495,22.51,61.98,1.73,126.71,131.83666666666667,78.60333333333334,22.77,0.9699999999999989,21.910000000000004,-0.8660254037844385,-0.5000000000000004,0,0.020946969696969697,0,Low
1992-12-18,0.0,10.82,36.19,2.02,Pauri (Pauri Garhwal),Pauri Garhwal,30.15,78.78,0,1992,12,Dec,Winter,,,12.4275,23.48,83.89,2.25,119.81,82.17333333333333,60.68666666666667,18.936666666666667,-12.66,-47.7,-2.4492935982947064e-16,1.0,0,0.04666666666666667,0,Low
1994-10-04,0.0,18.98,72.03,2.32,Pauri (Pauri Garhwal),Pauri Garhwal,30.15,78.78,0,1994,10,Oct,Autumn,,,22.349500000000003,10.82,36.19,2.02,0.0,39.93666666666667,64.03666666666668,17.76,8.16,35.84,-0.8660254037844386,0.5000000000000001,0,0.34833333333333333,0,Medium
1996-06-27,8.07,24.08,80.11,2.51,Pauri (Pauri Garhwal),Pauri Garhwal,30.15,78.78,0,1996,6,Jun,Monsoon,,,27.8345,18.98,72.03,2.32,0.0,2.69,62.776666666666664,17.959999999999997,5.099999999999998,8.079999999999998,1.2246467991473532e-16,-1.0,0,0.10666666666666667,0,Low
1997-06-14,14.28,26.27,51.39,2.23,Pauri (Pauri Garhwal),Pauri Garhwal,30.15,78.78,0,1997,6,Jun,Monsoon,,,28.616500000000002,24.08,80.11,2.51,8.07,7.45,67.84333333333333,23.11,2.1900000000000013,-28.72,1.2246467991473532e-16,-1.0,0,0.20666666666666667,0,Low
1998-06-06,0.0,28.8,21.65,4.0,Pauri (Pauri Garhwal),Pauri Garhwal,30.15,78.78,0,1998,6,Jun,Monsoon,,,29.4825,26.27,51.39,2.23,14.28,7.45,51.050000000000004,26.38333333333333,2.530000000000001,-29.740000000000002,1.2246467991473532e-16,-1.0,0,0.13166666666666665,0,Low
1999-02-01,0.0,7.84,50.07,2.44,Pauri (Pauri Garhwal),Pauri Garhwal,30.15,78.78,0,1999,2,Feb,Winter,,,10.0995,28.8,21.65,4.0,0.0,4.76,41.03666666666667,20.97,-20.96,28.42,0.8660254037844386,0.5000000000000001,0,0.18,0,Low
2001-02-26,0.0,12.16,53.63,2.4,Pauri (Pauri Garhwal),Pauri Garhwal,30.15,78.78,0,2001,2,Feb,Winter,,,14.6015,7.84,50.07,2.44,0.0,0.0,41.78333333333333,16.266666666666666,4.32,3.5600000000000023,0.8660254037844386,0.5000000000000001,0,0.06333333333333334,0,Low
2001-05-06,0.0,26.38,24.72,3.01,Pauri (Pauri Garhwal),Pauri Garhwal,30.15,78.78,0,2001,5,May,Spring,,,27.315,12.16,53.63,2.4,0.0,0.0,42.806666666666665,15.459999999999999,14.219999999999999,-28.910000000000004,0.49999999999999994,-0.8660254037844387,0,0.465,0,Medium
2002-07-27,0.99,27.14,51.28,2.37,Pauri (Pauri Garhwal),Pauri Garhwal,30.15,78.78,0,2002,7,Jul,Monsoon,,,29.467000000000002,26.38,24.72,3.01,0.0,0.33,43.21,21.89333333333333,0.7600000000000016,26.560000000000002,-0.4999999999999997,-0.8660254037844388,0,0.2783333333333333,0,Low
2005-07-30,9.56,23.36,89.3,2.25,Pauri (Pauri Garhwal),Pauri Garhwal,30.15,78.78,0,2005,7,Jul,Monsoon,,,27.599999999999998,27.14,51.28,2.37,0.99,3.516666666666667,55.1,25.626666666666665,-3.780000000000001,38.019999999999996,-0.4999999999999997,-0.8660254037844388,0,0.12333333333333334,0,Low
2008-06-01,11.2,24.92,54.42,1.99,Pauri (Pauri Garhwal),Pauri Garhwal,30.15,78.78,0,2008,6,Jun,Monsoon,,,27.442,23.36,89.3,2.25,9.56,7.25,65.0,25.14,1.5600000000000023,-34.879999999999995,1.2246467991473532e-16,-1.0,0,0.14333333333333334,0,Low
2009-03-18,0.52,18.36,30.64,3.47,Pauri (Pauri Garhwal),Pauri Garhwal,30.15,78.78,0,2009,3,Mar,Spring,,,19.544999999999998,24.92,54.42,1.99,11.2,7.093333333333334,58.120000000000005,22.213333333333335,-6.560000000000002,-23.78,1.0,6.123233995736766e-17,1,0.7483333333333333,1,High
2010-07-30,160.7,22.81,92.65,3.58,Pauri (Pauri Garhwal),Pauri Garhwal,30.15,78.78,1,2010,7,Jul,Monsoon,,,27.0845,18.36,30.64,3.47,0.52,57.47333333333333,59.23666666666667,22.03,4.449999999999999,62.010000000000005,-0.4999999999999997,-0.8660254037844388,1,0.79,1,High
2012-08-13,6.2,23.0,85.3,2.42,Pauri (Pauri Garhwal),Pauri Garhwal,30.15,78.78,1,2012,8,Aug,Monsoon,,,27.023,22.81,92.65,3.58,160.7,55.806666666666665,69.53,21.39,0.19000000000000128,-7.3500000000000085,-0.8660254037844385,-0.5000000000000004,1,0.33666666666666667,0,Medium
2012-08-14,19.82,23.18,87.11,2.12,Pauri (Pauri Garhwal),Pauri Garhwal,30.15,78.78,1,2012,8,Aug,Monsoon,,,27.3235,23.0,85.3,2.42,6.2,62.24,88.35333333333334,22.99666666666667,0.17999999999999972,1.8100000000000023,-0.8660254037844385,-0.5000000000000004,1,0.8316666666666667,1,High
2012-08-15,29.36,23.43,89.9,2.04,Pauri (Pauri Garhwal),Pauri Garhwal,30.15,78.78,1,2012,8,Aug,Monsoon,,,27.721,23.18,87.11,2.12,19.82,18.459999999999997,87.43666666666667,23.203333333333333,0.25,2.7900000000000063,-0.8660254037844385,-0.5000000000000004,1,0.8416666666666667,1,High
2013-06-16,175.39,21.91,90.83,3.38,Pauri (Pauri Garhwal),Pauri Garhwal,30.15,78.78,1,2013,6,Jun,Monsoon,,,26.1135,23.43,89.9,2.04,29.36,74.85666666666667,89.28000000000002,22.84,-1.5199999999999996,0.9299999999999926,1.2246467991473532e-16,-1.0,0,0.18,0,Low
2013-06-17,83.57,21.24,90.09,6.57,Pauri (Pauri Garhwal),Pauri Garhwal,30.15,78.78,0,2013,6,Jun,Monsoon,,,25.0875,21.91,90.83,3.38,175.39,96.10666666666667,90.27333333333333,22.19333333333333,-0.6700000000000017,-0.7399999999999949,1.2246467991473532e-16,-1.0,0,0.14333333333333334,0,Low
2017-08-04,21.44,23.16,89.29,2.36,Pauri (Pauri Garhwal),Pauri Garhwal,30.15,78.78,0,2017,8,Aug,Monsoon,,,27.3885,21.24,90.09,6.57,83.57,93.46666666666665,90.07000000000001,22.103333333333335,1.9200000000000017,-0.7999999999999972,-0.8660254037844385,-0.5000000000000004,0,0.11666666666666667,0,Low
2020-01-14,0.56,9.14,77.94,2.14,Pauri (Pauri Garhwal),Pauri Garhwal,30.15,78.78,0,2020,1,Jan,Winter,,,12.823,23.16,89.29,2.36,21.44,35.19,85.77333333333333,17.846666666666668,-14.02,-11.350000000000009,0.49999999999999994,0.8660254037844387,1,0.28833333333333333,0,Low
2021-10-18,108.17,17.1,87.69,2.14,Pauri (Pauri Garhwal),Pauri Garhwal,30.15,78.78,1,2021,10,Oct,Autumn,,,21.270500000000002,9.14,77.94,2.14,0.56,43.39000000000001,84.97333333333334,16.46666666666667,7.960000000000001,9.75,-0.8660254037844386,0.5000000000000001,0,0.6157619047619048,1,High
2022-05-20,0.44,28.82,23.98,3.91,Pauri (Pauri Garhwal),Pauri Garhwal,30.15,78.78,0,2022,5,May,Spring,,,29.628,17.1,87.69,2.14,108.17,36.39,63.203333333333326,18.353333333333335,11.719999999999999,-63.709999999999994,0.49999999999999994,-0.8660254037844387,0,0.08833333333333333,0,Low
2023-12-02,0.0,13.8,66.29,1.91,Pauri (Pauri Garhwal),Pauri Garhwal,30.15,78.78,0,2023,12,Dec,Winter,,,16.9235,28.82,23.98,3.91,0.44,36.20333333333333,59.32,19.906666666666666,-15.02,42.31,-2.4492935982947064e-16,1.0,1,0.7583333333333333,1,High
1991-09-19,0.0,20.59,73.62,2.09,Pithoragarh Town (Pithoragarh),Pithoragarh,29.58,80.22,0,1991,9,Sep,Monsoon,,,24.062,14.12,35.34,2.01,0.0,0.0,54.480000000000004,17.355,6.470000000000001,38.28,-1.0,-1.8369701987210297e-16,0,0.06166666666666667,0,Low
1991-09-25,0.01,19.71,75.41,2.16,Pithoragarh Town (Pithoragarh),Pithoragarh,29.58,80.22,0,1991,9,Sep,Monsoon,,,23.264499999999998,20.59,73.62,2.09,0.0,0.0033333333333333335,61.45666666666667,18.14,-0.879999999999999,1.789999999999992,-1.0,-1.8369701987210297e-16,0,0.22833333333333333,0,Low
1991-10-02,0.0,19.73,43.65,2.02,Pithoragarh Town (Pithoragarh),Pithoragarh,29.58,80.22,0,1991,10,Oct,Autumn,,,21.7105,19.71,75.41,2.16,0.01,0.0033333333333333335,64.22666666666667,20.01,0.019999999999999574,-31.759999999999998,-0.8660254037844386,0.5000000000000001,0,0.09666666666666666,0,Low
1994-11-08,0.0,15.38,46.19,1.99,Pithoragarh Town (Pithoragarh),Pithoragarh,29.58,80.22,0,1994,11,Nov,Autumn,,,17.4905,19.73,43.65,2.02,0.0,0.0033333333333333335,55.083333333333336,18.273333333333333,-4.35,2.539999999999999,-0.5000000000000004,0.8660254037844384,0,0.12,0,Low
1997-01-13,0.0,8.91,29.21,1.89,Pithoragarh Town (Pithoragarh),Pithoragarh,29.58,80.22,0,1997,1,Jan,Winter,,,10.1815,15.38,46.19,1.99,0.0,0.0,39.68333333333333,14.673333333333332,-6.470000000000001,-16.979999999999997,0.49999999999999994,0.8660254037844387,0,0.3,0,Low
1999-05-01,0.0,26.92,12.12,3.21,Pithoragarh Town (Pithoragarh),Pithoragarh,29.58,80.22,0,1999,5,May,Spring,,,27.205000000000002,8.91,29.21,1.89,0.0,0.0,29.173333333333336,17.069999999999997,18.01,-17.090000000000003,0.49999999999999994,-0.8660254037844387,1,0.7166666666666667,1,High
2002-08-11,101.24,21.54,94.24,2.83,Pithoragarh Town (Pithoragarh),Pithoragarh,29.58,80.22,1,2002,8,Aug,Monsoon,,,25.968999999999998,26.92,12.12,3.21,0.0,33.74666666666666,45.19,19.12333333333333,-5.380000000000003,82.11999999999999,-0.8660254037844385,-0.5000000000000004,1,0.6816666666666666,1,High
2004-06-18,104.58,20.87,87.72,1.43,Pithoragarh Town (Pithoragarh),Pithoragarh,29.58,80.22,1,2004,6,Jun,Monsoon,,,25.113,21.54,94.24,2.83,101.24,68.60666666666667,64.69333333333333,23.11,-0.6699999999999982,-6.519999999999996,1.2246467991473532e-16,-1.0,1,0.77,1,High
2005-09-16,100.38,18.46,89.51,2.84,Pithoragarh Town (Pithoragarh),Pithoragarh,29.58,80.22,1,2005,9,Sep,Monsoon,,,22.651500000000002,20.87,87.72,1.43,104.58,102.06666666666666,90.49000000000001,20.29,-2.41,1.7900000000000063,-1.0,-1.8369701987210297e-16,1,0.2816666666666667,0,Low
2008-09-20,122.74,18.07,94.69,4.72,Pithoragarh Town (Pithoragarh),Pithoragarh,29.58,80.22,1,2008,9,Sep,Monsoon,,,22.3325,18.46,89.51,2.84,100.38,109.23333333333333,90.64,19.133333333333333,-0.39000000000000057,5.179999999999993,-1.0,-1.8369701987210297e-16,0,0.13125,0,Low
2010-01-29,0.0,10.42,41.78,2.23,Pithoragarh Town (Pithoragarh),Pithoragarh,29.58,80.22,0,2010,1,Jan,Winter,,,12.286,18.07,94.69,4.72,122.74,74.37333333333333,75.32666666666667,15.65,-7.65,-52.91,0.49999999999999994,0.8660254037844387,0,0.09666666666666666,0,Low
2010-03-02,0.0,15.39,43.9,3.41,Pithoragarh Town (Pithoragarh),Pithoragarh,29.58,80.22,0,2010,3,Mar,Spring,,,17.244,10.42,41.78,2.23,0.0,40.913333333333334,60.12333333333334,14.626666666666665,4.970000000000001,2.1199999999999974,1.0,6.123233995736766e-17,0,0.45666666666666667,0,Medium
2010-05-10,0.0,25.12,26.04,3.42,Pithoragarh Town (Pithoragarh),Pithoragarh,29.58,80.22,0,2010,5,May,Spring,,,26.080000000000002,15.39,43.9,3.41,0.0,0.0,37.24,16.976666666666667,9.73,-17.86,0.49999999999999994,-0.8660254037844387,1,0.7383333333333333,1,High
2010-08-14,5.46,21.74,87.98,1.54,Pithoragarh Town (Pithoragarh),Pithoragarh,29.58,80.22,1,2010,8,Aug,Monsoon,,,25.985,25.12,26.04,3.42,0.0,1.82,52.64000000000001,20.75,-3.3800000000000026,61.940000000000005,-0.8660254037844385,-0.5000000000000004,1,0.425,0,Medium
2010-08-15,3.24,22.4,88.73,2.1,Pithoragarh Town (Pithoragarh),Pithoragarh,29.58,80.22,1,2010,8,Aug,Monsoon,,,26.6265,21.74,87.98,1.54,5.46,2.9,67.58333333333333,23.086666666666662,0.6600000000000001,0.75,-0.8660254037844385,-0.5000000000000004,1,0.8533333333333334,1,High
2010-08-16,1.99,21.63,84.75,1.36,Pithoragarh Town (Pithoragarh),Pithoragarh,29.58,80.22,1,2010,8,Aug,Monsoon,,,25.7315,22.4,88.73,2.1,3.24,3.563333333333333,87.15333333333335,21.923333333333332,-0.7699999999999996,-3.980000000000004,-0.8660254037844385,-0.5000000000000004,0,0.2833333333333333,0,Low
2011-03-17,0.0,17.46,42.66,2.34,Pithoragarh Town (Pithoragarh),Pithoragarh,29.58,80.22,0,2011,3,Mar,Spring,,,19.359,21.63,84.75,1.36,1.99,1.7433333333333334,72.04666666666667,20.496666666666666,-4.169999999999998,-42.09,1.0,6.123233995736766e-17,1,0.79625,1,High
2011-06-30,135.81,20.98,88.75,1.6,Pithoragarh Town (Pithoragarh),Pithoragarh,29.58,80.22,1,2011,6,Jun,Monsoon,,,25.2575,17.46,42.66,2.34,0.0,45.93333333333334,72.05333333333334,20.023333333333337,3.5199999999999996,46.09,1.2246467991473532e-16,-1.0,0,0.18666666666666668,0,Low
2011-10-27,0.0,15.02,62.1,1.54,Pithoragarh Town (Pithoragarh),Pithoragarh,29.58,80.22,0,2011,10,Oct,Autumn,,,17.971,20.98,88.75,1.6,135.81,45.27,64.50333333333334,17.82,-5.960000000000001,-26.65,-0.8660254037844386,0.5000000000000001,0,0.16833333333333333,0,Low
2013-05-19,0.0,27.25,19.72,3.17,Pithoragarh Town (Pithoragarh),Pithoragarh,29.58,80.22,0,2013,5,May,Spring,,,27.919,15.02,62.1,1.54,0.0,45.27,56.856666666666676,21.083333333333332,12.23,-42.38,0.49999999999999994,-0.8660254037844387,1,0.7733333333333333,1,High
2013-06-25,162.88,21.64,94.45,2.29,Pithoragarh Town (Pithoragarh),Pithoragarh,29.58,80.22,1,2013,6,Jun,Monsoon,,,26.1335,27.25,19.72,3.17,0.0,54.29333333333333,58.75666666666667,21.30333333333333,-5.609999999999999,74.73,1.2246467991473532e-16,-1.0,0,0.16333333333333333,0,Low
2013-12-13,0.0,10.12,54.89,1.86,Pithoragarh Town (Pithoragarh),Pithoragarh,29.58,80.22,0,2013,12,Dec,Winter,,,12.6785,21.64,94.45,2.29,162.88,54.29333333333333,56.35333333333333,19.669999999999998,-11.520000000000001,-39.56,-2.4492935982947064e-16,1.0,0,0.14,0,Low
2015-11-08,0.0,15.48,47.75,1.86,Pithoragarh Town (Pithoragarh),Pithoragarh,29.58,80.22,0,2015,11,Nov,Autumn,,,17.6815,10.12,54.89,1.86,0.0,54.29333333333333,65.69666666666667,15.746666666666668,5.360000000000001,-7.140000000000001,-0.5000000000000004,0.8660254037844384,1,0.8,1,High
2020-02-23,300.78,8.24,85.44,1.95,Pithoragarh Town (Pithoragarh),Pithoragarh,29.58,80.22,1,2020,2,Feb,Winter,,,12.317,15.48,47.75,1.86,0.0,100.25999999999999,62.69333333333333,11.280000000000001,-7.24,37.69,0.8660254037844386,0.5000000000000001,1,0.865,1,High
2020-04-21,344.76,15.45,74.32,1.7,Pithoragarh Town (Pithoragarh),Pithoragarh,29.58,80.22,1,2020,4,Apr,Spring,,,18.996,8.24,85.44,1.95,300.78,215.17999999999998,69.17,13.056666666666667,7.209999999999999,-11.120000000000005,0.8660254037844387,-0.4999999999999998,1,0.8991071428571428,1,High
2020-05-03,254.31,18.41,79.94,2.04,Pithoragarh Town (Pithoragarh),Pithoragarh,29.58,80.22,1,2020,5,May,Spring,,,22.203,15.45,74.32,1.7,344.76,299.95,79.89999999999999,14.033333333333331,2.960000000000001,5.6200000000000045,0.49999999999999994,-0.8660254037844387,1,0.58046577034077,1,Medium
2021-10-18,188.15,16.79,91.09,1.93,Pithoragarh Town (Pithoragarh),Pithoragarh,29.58,80.22,1,2021,10,Oct,Autumn,,,21.1515,18.41,79.94,2.04,254.31,262.4066666666667,81.78333333333335,16.883333333333336,-1.620000000000001,11.150000000000006,-0.8660254037844386,0.5000000000000001,1,0.8908755411255411,1,High
2022-10-09,101.68,15.66,92.52,2.82,Pithoragarh Town (Pithoragarh),Pithoragarh,29.58,80.22,1,2022,10,Oct,Autumn,,,20.004,16.79,91.09,1.93,188.15,181.38,87.85000000000001,16.953333333333333,-1.129999999999999,1.4299999999999926,-0.8660254037844386,0.5000000000000001,1,0.8514285714285714,1,High
2024-07-17,6.37,23.25,87.62,2.46,Pithoragarh Town (Pithoragarh),Pithoragarh,29.58,80.22,1,2024,7,Jul,Monsoon,,,27.385,15.66,92.52,2.82,101.68,98.73333333333333,90.41000000000001,18.566666666666666,7.59,-4.8999999999999915,-0.4999999999999997,-0.8660254037844388,1,0.7343333333333334,1,High
2024-07-18,3.48,22.53,90.01,2.73,Pithoragarh Town (Pithoragarh),Pithoragarh,29.58,80.22,1,2024,7,Jul,Monsoon,,,26.757500000000004,23.25,87.62,2.46,6.37,37.17666666666667,90.05,20.48,-0.7199999999999989,2.3900000000000006,-0.4999999999999997,-0.8660254037844388,1,0.8483333333333334,1,High
2024-07-19,10.3,22.6,87.86,2.68,Pithoragarh Town (Pithoragarh),Pithoragarh,29.58,80.22,1,2024,7,Jul,Monsoon,,,26.725,22.53,90.01,2.73,3.48,6.716666666666666,88.49666666666667,22.793333333333333,0.07000000000000028,-2.1500000000000057,-0.4999999999999997,-0.8660254037844388,1,0.8766666666666667,1,High
2024-09-13,107.6,20.04,93.77,3.95,Pithoragarh Town (Pithoragarh),Pithoragarh,29.58,80.22,1,2024,9,Sep,Monsoon,,,24.3335,22.6,87.86,2.68,10.3,40.46,90.54666666666667,21.723333333333333,-2.5600000000000023,5.909999999999997,-1.0,-1.8369701987210297e-16,0,0.12833333333333333,0,Low
1990-09-08,148.99,22.32,89.94,1.75,Srinagar (Pauri Garhwal),Pauri Garhwal,30.22,78.77,1,1990,9,Sep,Monsoon,,,26.642,24.61,77.66,1.51,24.21,86.60000000000001,83.8,23.465,-2.289999999999999,12.280000000000001,-1.0,-1.8369701987210297e-16,1,0.8383333333333334,1,High
1991-06-19,126.71,22.51,61.98,1.73,Srinagar (Pauri Garhwal),Pauri Garhwal,30.22,78.77,1,1991,6,Jun,Monsoon,,,25.436000000000003,22.32,89.94,1.75,148.99,99.97000000000001,76.52666666666666,23.146666666666665,0.19000000000000128,-27.96,1.2246467991473532e-16,-1.0,1,0.9116666666666666,1,High
1991-08-04,119.81,23.48,83.89,2.25,Srinagar (Pauri Garhwal),Pauri Garhwal,30.22,78.77,1,1991,8,Aug,Monsoon,,,27.4495,22.51,61.98,1.73,126.71,131.83666666666667,78.60333333333334,22.77,0.9699999999999989,21.910000000000004,-0.8660254037844385,-0.5000000000000004,0,0.020946969696969697,0,Low
1991-11-03,0.0,14.87,39.67,2.11,Srinagar (Pauri Garhwal),Pauri Garhwal,30.22,78.77,0,1991,11,Nov,Autumn,,,16.642500000000002,23.48,83.89,2.25,119.81,82.17333333333333,61.84666666666667,20.286666666666665,-8.610000000000001,-44.22,-0.5000000000000004,0.8660254037844384,0,0.03833333333333333,0,Low
1994-12-12,0.0,10.7,25.72,1.77,Srinagar (Pauri Garhwal),Pauri Garhwal,30.22,78.77,0,1994,12,Dec,Winter,,,11.809,14.87,39.67,2.11,0.0,39.93666666666667,49.76000000000001,16.349999999999998,-4.17,-13.950000000000003,-2.4492935982947064e-16,1.0,0,0.08166666666666667,0,Low
1996-02-01,0.0,11.72,30.52,1.41,Srinagar (Pauri Garhwal),Pauri Garhwal,30.22,78.77,0,1996,2,Feb,Winter,,,13.105,10.7,25.72,1.77,0.0,0.0,31.97,12.43,1.0200000000000014,4.800000000000001,0.8660254037844386,0.5000000000000001,0,0.10166666666666667,0,Low
2003-05-21,0.0,29.45,16.53,4.15,Srinagar (Pauri Garhwal),Pauri Garhwal,30.22,78.77,0,2003,5,May,Spring,,,29.8615,11.72,30.52,1.41,0.0,0.0,24.256666666666664,17.290000000000003,17.729999999999997,-13.989999999999998,0.49999999999999994,-0.8660254037844387,0,0.18166666666666667,0,Low
2006-07-25,17.31,23.61,86.7,2.53,Srinagar (Pauri Garhwal),Pauri Garhwal,30.22,78.77,0,2006,7,Jul,Monsoon,,,27.692,29.45,16.53,4.15,0.0,5.77,44.583333333333336,21.593333333333334,-5.84,70.17,-0.4999999999999997,-0.8660254037844388,0,0.09333333333333334,0,Low
2007-07-04,43.87,23.7,84.37,1.74,Srinagar (Pauri Garhwal),Pauri Garhwal,30.22,78.77,0,2007,7,Jul,Monsoon,,,27.744500000000002,23.61,86.7,2.53,17.31,20.39333333333333,62.53333333333334,25.586666666666662,0.08999999999999986,-2.3299999999999983,-0.4999999999999997,-0.8660254037844388,1,0.7316666666666667,1,High
2010-07-30,160.7,22.81,92.65,3.58,Srinagar (Pauri Garhwal),Pauri Garhwal,30.22,78.77,1,2010,7,Jul,Monsoon,,,27.0845,23.7,84.37,1.74,43.87,73.96,87.90666666666668,23.37333333333333,-0.8900000000000006,8.280000000000001,-0.4999999999999997,-0.8660254037844388,1,0.755,1,High
2013-06-16,175.39,21.91,90.83,3.38,Srinagar (Pauri Garhwal),Pauri Garhwal,30.22,78.77,1,2013,6,Jun,Monsoon,,,26.1135,22.81,92.65,3.58,160.7,126.65333333333332,89.28333333333335,22.80666666666666,-0.8999999999999986,-1.8200000000000074,1.2246467991473532e-16,-1.0,0,0.05333333333333334,0,Low
2014-07-07,2.81,27.26,53.81,3.18,Srinagar (Pauri Garhwal),Pauri Garhwal,30.22,78.77,0,2014,7,Jul,Monsoon,,,29.6325,21.91,90.83,3.38,175.39,112.96666666666665,79.09666666666668,23.993333333333336,5.350000000000001,-37.019999999999996,-0.4999999999999997,-0.8660254037844388,0,0.35150000000000003,0,Medium
2016-03-06,1.5,17.34,43.98,2.54,Srinagar (Pauri Garhwal),Pauri Garhwal,30.22,78.77,0,2016,3,Mar,Spring,,,19.285,27.26,53.81,3.18,2.81,59.9,62.87333333333333,22.169999999999998,-9.920000000000002,-9.830000000000005,1.0,6.123233995736766e-17,0,0.18,0,Low
2017-06-29,38.34,23.74,85.24,2.17,Srinagar (Pauri Garhwal),Pauri Garhwal,30.22,78.77,0,2017,6,Jun,Monsoon,,,27.785,17.34,43.98,2.54,1.5,14.216666666666669,61.01,22.78,6.399999999999999,41.26,1.2246467991473532e-16,-1.0,0,0.08,0,Low
2018-02-03,0.0,12.44,43.81,2.6,Srinagar (Pauri Garhwal),Pauri Garhwal,30.22,78.77,0,2018,2,Feb,Winter,,,14.3705,23.74,85.24,2.17,38.34,13.280000000000001,57.67666666666667,17.84,-11.299999999999999,-41.42999999999999,0.8660254037844386,0.5000000000000001,0,0.05,0,Low
2018-12-11,0.2,10.11,62.83,1.86,Srinagar (Pauri Garhwal),Pauri Garhwal,30.22,78.77,0,2018,12,Dec,Winter,,,13.0655,12.44,43.81,2.6,0.0,12.84666666666667,63.96,15.43,-2.33,19.019999999999996,-2.4492935982947064e-16,1.0,0,0.195,0,Low
2019-07-25,30.18,23.35,88.47,3.08,Srinagar (Pauri Garhwal),Pauri Garhwal,30.22,78.77,0,2019,7,Jul,Monsoon,,,27.465500000000002,10.11,62.83,1.86,0.2,10.126666666666667,65.03666666666668,15.300000000000002,13.240000000000002,25.64,-0.4999999999999997,-0.8660254037844388,1,0.79,1,High
2021-10-18,108.17,17.1,87.69,2.14,Srinagar (Pauri Garhwal),Pauri Garhwal,30.22,78.77,1,2021,10,Oct,Autumn,,,21.270500000000002,23.35,88.47,3.08,30.18,46.18333333333334,79.66333333333334,16.853333333333335,-6.25,-0.7800000000000011,-0.8660254037844386,0.5000000000000001,0,0.19666666666666666,0,Low
2024-08-28,22.46,22.89,91.67,1.84,Srinagar (Pauri Garhwal),Pauri Garhwal,30.22,78.77,0,2024,8,Aug,Monsoon,,,27.2895,17.1,87.69,2.14,108.17,53.60333333333333,89.27666666666669,21.113333333333333,5.789999999999999,3.980000000000004,-0.8660254037844385,-0.5000000000000004,0,0.18125,0,Low
2024-11-14,0.0,15.66,64.11,1.75,Srinagar (Pauri Garhwal),Pauri Garhwal,30.22,78.77,0,2024,11,Nov,Autumn,,,18.6905,22.89,91.67,1.84,22.46,43.54333333333333,81.15666666666665,18.55,-7.23,-27.560000000000002,-0.5000000000000004,0.8660254037844384,0,0.11166666666666666,0,Low
2025-02-08,0.0,13.7,28.9,1.82,Srinagar (Pauri Garhwal),Pauri Garhwal,30.22,78.77,0,2025,2,Feb,Winter,,,14.963,15.66,64.11,1.75,0.0,7.486666666666667,61.559999999999995,17.416666666666668,-1.9600000000000009,-35.21,0.8660254037844386,0.5000000000000001,1,0.43166666666666664,0,Medium
1990-09-08,146.74,17.75,87.6,1.18,Tehri (Tehri Garhwal),Tehri Garhwal,30.38,78.49,1,1990,9,Sep,Monsoon,,,22.012,9.69,37.51,1.84,0.0,73.37,62.55499999999999,13.719999999999999,8.06,50.089999999999996,-1.0,-1.8369701987210297e-16,1,0.815,1,High
1991-06-19,136.44,16.44,68.62,1.72,Tehri (Tehri Garhwal),Tehri Garhwal,30.38,78.49,1,1991,6,Jun,Monsoon,,,19.699,17.75,87.6,1.18,146.74,94.39333333333333,64.57666666666667,14.626666666666665,-1.3099999999999987,-18.97999999999999,1.2246467991473532e-16,-1.0,1,0.8282619047619048,1,High
1991-08-04,127.99,18.71,88.53,2.02,Tehri (Tehri Garhwal),Tehri Garhwal,30.38,78.49,1,1991,8,Aug,Monsoon,,,22.9345,16.44,68.62,1.72,136.44,137.05666666666667,81.58333333333333,17.633333333333336,2.2699999999999996,19.909999999999997,-0.8660254037844385,-0.5000000000000004,0,0.22041666666666668,0,Low
1993-10-01,0.0,14.27,61.84,1.81,Tehri (Tehri Garhwal),Tehri Garhwal,30.38,78.49,0,1993,10,Oct,Autumn,,,17.181,18.71,88.53,2.02,127.99,88.14333333333333,72.99666666666667,16.473333333333333,-4.440000000000001,-26.689999999999998,-0.8660254037844386,0.5000000000000001,0,0.15833333333333333,0,Low
1994-06-06,0.01,22.84,20.27,3.21,Tehri (Tehri Garhwal),Tehri Garhwal,30.38,78.49,0,1994,6,Jun,Monsoon,,,23.5325,14.27,61.84,1.81,0.0,42.666666666666664,56.88,18.60666666666667,8.57,-41.57000000000001,1.2246467991473532e-16,-1.0,0,0.15833333333333333,0,Low
1996-08-26,0.0,18.43,81.92,1.8,Tehri (Tehri Garhwal),Tehri Garhwal,30.38,78.49,0,1996,8,Aug,Monsoon,,,22.346,22.84,20.27,3.21,0.01,0.0033333333333333335,54.67666666666667,18.513333333333332,-4.41,61.650000000000006,-0.8660254037844385,-0.5000000000000004,0,0.1,0,Low
1996-09-16,0.88,16.47,83.63,1.65,Tehri (Tehri Garhwal),Tehri Garhwal,30.38,78.49,0,1996,9,Sep,Monsoon,,,20.4865,18.43,81.92,1.8,0.0,0.2966666666666667,61.94,19.246666666666666,-1.9600000000000009,1.7099999999999937,-1.0,-1.8369701987210297e-16,0,0.31833333333333336,0,Medium
2000-09-19,4.66,16.4,77.66,1.65,Tehri (Tehri Garhwal),Tehri Garhwal,30.38,78.49,0,2000,9,Sep,Monsoon,,,20.118,16.47,83.63,1.65,0.88,1.8466666666666667,81.07,17.099999999999998,-0.07000000000000028,-5.969999999999999,-1.0,-1.8369701987210297e-16,0,0.12142857142857144,0,Low
2002-04-30,0.0,15.33,34.05,3.37,Tehri (Tehri Garhwal),Tehri Garhwal,30.38,78.49,0,2002,4,Apr,Spring,,,16.6955,16.4,77.66,1.65,4.66,1.8466666666666667,65.11333333333333,16.066666666666666,-1.0699999999999985,-43.61,0.8660254037844387,-0.4999999999999998,0,0.14,0,Low
2003-07-26,3.42,19.12,87.8,2.58,Tehri (Tehri Garhwal),Tehri Garhwal,30.38,78.49,0,2003,7,Jul,Monsoon,,,23.252000000000002,15.33,34.05,3.37,0.0,2.6933333333333334,66.50333333333333,16.95,3.790000000000001,53.75,-0.4999999999999997,-0.8660254037844388,1,0.7483333333333333,1,High
2003-08-12,13.84,18.36,89.12,1.93,Tehri (Tehri Garhwal),Tehri Garhwal,30.38,78.49,1,2003,8,Aug,Monsoon,,,22.622999999999998,19.12,87.8,2.58,3.42,5.753333333333333,70.32333333333334,17.603333333333335,-0.7600000000000016,1.3200000000000074,-0.8660254037844385,-0.5000000000000004,1,0.8716666666666667,1,High
2003-08-13,14.78,18.28,85.08,1.68,Tehri (Tehri Garhwal),Tehri Garhwal,30.38,78.49,1,2003,8,Aug,Monsoon,,,22.366000000000003,18.36,89.12,1.93,13.84,10.68,87.33333333333333,18.58666666666667,-0.0799999999999983,-4.040000000000006,-0.8660254037844385,-0.5000000000000004,1,0.5033333333333333,1,Medium
2003-08-14,8.98,18.31,84.24,1.6,Tehri (Tehri Garhwal),Tehri Garhwal,30.38,78.49,1,2003,8,Aug,Monsoon,,,22.362,18.28,85.08,1.68,14.78,12.533333333333331,86.14666666666666,18.316666666666666,0.029999999999997584,-0.8400000000000034,-0.8660254037844385,-0.5000000000000004,0,0.3840952380952381,0,Medium
2004-07-14,22.97,18.34,85.7,2.22,Tehri (Tehri Garhwal),Tehri Garhwal,30.38,78.49,0,2004,7,Jul,Monsoon,,,22.403,18.31,84.24,1.6,8.98,15.576666666666668,85.00666666666666,18.31,0.030000000000001137,1.460000000000008,-0.4999999999999997,-0.8660254037844388,0,0.29742857142857143,0,Low
2006-08-16,0.47,19.01,84.32,1.66,Tehri (Tehri Garhwal),Tehri Garhwal,30.38,78.49,0,2006,8,Aug,Monsoon,,,23.060000000000002,18.34,85.7,2.22,22.97,10.806666666666667,84.75333333333333,18.55333333333333,0.6700000000000017,-1.3800000000000097,-0.8660254037844385,-0.5000000000000004,0,0.19458333333333333,0,Low
2008-04-02,7.74,11.87,44.37,2.88,Tehri (Tehri Garhwal),Tehri Garhwal,30.38,78.49,0,2008,4,Apr,Spring,,,13.8005,19.01,84.32,1.66,0.47,10.393333333333333,71.46333333333332,16.406666666666663,-7.140000000000002,-39.949999999999996,0.8660254037844387,-0.4999999999999998,0,0.16,0,Low
2008-12-24,0.0,6.87,37.64,1.59,Tehri (Tehri Garhwal),Tehri Garhwal,30.38,78.49,0,2008,12,Dec,Winter,,,8.593,11.87,44.37,2.88,7.74,2.736666666666667,55.443333333333335,12.583333333333334,-4.999999999999999,-6.729999999999997,-2.4492935982947064e-16,1.0,1,0.18166666666666667,0,Low
2010-07-30,139.78,18.97,94.2,2.9,Tehri (Tehri Garhwal),Tehri Garhwal,30.38,78.49,1,2010,7,Jul,Monsoon,,,23.39,6.87,37.64,1.59,0.0,49.17333333333334,58.73666666666666,12.569999999999999,12.099999999999998,56.56,-0.4999999999999997,-0.8660254037844388,1,0.805,1,High
2010-08-18,58.36,17.43,95.03,1.82,Tehri (Tehri Garhwal),Tehri Garhwal,30.38,78.49,1,2010,8,Aug,Monsoon,,,21.9995,18.97,94.2,2.9,139.78,66.04666666666667,75.62333333333333,14.423333333333332,-1.5399999999999991,0.8299999999999983,-0.8660254037844385,-0.5000000000000004,1,0.85,1,High
2010-08-19,25.77,17.85,90.38,1.38,Tehri (Tehri Garhwal),Tehri Garhwal,30.38,78.49,1,2010,8,Aug,Monsoon,,,22.230999999999998,17.43,95.03,1.82,58.36,74.63666666666667,93.20333333333333,18.083333333333332,0.4200000000000017,-4.650000000000006,-0.8660254037844385,-0.5000000000000004,1,0.47333333333333333,0,Medium
2010-08-20,9.65,18.07,91.77,2.03,Tehri (Tehri Garhwal),Tehri Garhwal,30.38,78.49,1,2010,8,Aug,Monsoon,,,22.4555,17.85,90.38,1.38,25.77,31.26,92.39333333333332,17.783333333333335,0.21999999999999886,1.3900000000000006,-0.8660254037844385,-0.5000000000000004,0,0.616,1,High
2011-07-07,7.41,17.87,92.36,2.47,Tehri (Tehri Garhwal),Tehri Garhwal,30.38,78.49,0,2011,7,Jul,Monsoon,,,22.241,18.07,91.77,2.03,9.65,14.276666666666666,91.50333333333333,17.930000000000003,-0.1999999999999993,0.5900000000000034,-0.4999999999999997,-0.8660254037844388,1,0.89,1,High
2013-06-15,113.1,17.68,87.36,1.69,Tehri (Tehri Garhwal),Tehri Garhwal,30.38,78.49,1,2013,6,Jun,Monsoon,,,21.879,17.87,92.36,2.47,7.41,43.38666666666666,90.49666666666667,17.87333333333333,-0.19000000000000128,-5.0,1.2246467991473532e-16,-1.0,1,0.8483333333333334,1,High
2013-06-16,159.16,17.04,94.89,3.52,Tehri (Tehri Garhwal),Tehri Garhwal,30.38,78.49,1,2013,6,Jun,Monsoon,,,21.4325,17.68,87.36,1.69,113.1,93.22333333333331,91.53666666666668,17.53,-0.6400000000000006,7.530000000000001,1.2246467991473532e-16,-1.0,0,0.2031666666666667,0,Low
2015-06-08,0.62,22.9,30.76,2.99,Tehri (Tehri Garhwal),Tehri Garhwal,30.38,78.49,0,2015,6,Jun,Monsoon,,,24.139,17.04,94.89,3.52,159.16,90.96,71.00333333333333,19.206666666666663,5.859999999999999,-64.13,1.2246467991473532e-16,-1.0,0,0.11833333333333333,0,Low
2017-02-19,0.12,11.87,57.44,2.4,Tehri (Tehri Garhwal),Tehri Garhwal,30.38,78.49,0,2017,2,Feb,Winter,,,14.501999999999999,22.9,30.76,2.99,0.62,53.300000000000004,61.029999999999994,17.27,-11.03,26.679999999999996,0.8660254037844386,0.5000000000000001,0,0.5983333333333334,1,Medium
2018-05-13,1.27,19.49,50.49,2.99,Tehri (Tehri Garhwal),Tehri Garhwal,30.38,78.49,0,2018,5,May,Spring,,,21.7155,11.87,57.44,2.4,0.12,0.6699999999999999,46.23,18.086666666666662,7.619999999999999,-6.949999999999996,0.49999999999999994,-0.8660254037844387,0,0.15333333333333332,0,Low
2018-07-30,3.12,19.1,87.56,2.12,Tehri (Tehri Garhwal),Tehri Garhwal,30.38,78.49,0,2018,7,Jul,Monsoon,,,23.266000000000002,19.49,50.49,2.99,1.27,1.5033333333333332,65.16333333333334,16.819999999999997,-0.389999999999997,37.07,-0.4999999999999997,-0.8660254037844388,0,0.19666666666666666,0,Low
2019-06-01,0.09,23.68,22.9,3.34,Tehri (Tehri Garhwal),Tehri Garhwal,30.38,78.49,0,2019,6,Jun,Monsoon,,,24.491,19.1,87.56,2.12,3.12,1.4933333333333332,53.65,20.756666666666664,4.579999999999998,-64.66,1.2246467991473532e-16,-1.0,0,0.07333333333333333,0,Low
2021-04-15,0.0,17.31,34.2,3.37,Tehri (Tehri Garhwal),Tehri Garhwal,30.38,78.49,0,2021,4,Apr,Spring,,,18.683,23.68,22.9,3.34,0.09,1.07,48.22,20.029999999999998,-6.370000000000001,11.300000000000004,0.8660254037844387,-0.4999999999999998,0,0.23666666666666666,0,Low
2022-01-30,0.0,6.01,44.34,2.14,Tehri (Tehri Garhwal),Tehri Garhwal,30.38,78.49,0,2022,1,Jan,Winter,,,8.013,17.31,34.2,3.37,0.0,0.03,33.81333333333333,15.666666666666664,-11.299999999999999,10.14,0.49999999999999994,0.8660254037844387,1,0.6733333333333333,1,High
2022-09-23,121.11,16.92,86.98,1.62,Tehri (Tehri Garhwal),Tehri Garhwal,30.38,78.49,1,2022,9,Sep,Monsoon,,,21.107000000000003,6.01,44.34,2.14,0.0,40.37,55.173333333333325,13.413333333333332,10.910000000000002,42.64,-1.0,-1.8369701987210297e-16,0,0.38333333333333336,0,Medium
